orig_addr,our_symbol_or_source_location,evidence,round,kind
0x180001100,mg5_InitActiveFalseGlobal,src/missing/MissingRound2Group2.cpp:127,round2,RECONSTRUCTED
0x180006290,ReleaseThreadControlBlock,src/missing/MissingRound2Group1.cpp:108,round2,RECONSTRUCTED
0x180007dd0,StringAppendChar,src/missing/MissingGroup3.cpp:329,round1,RECONSTRUCTED
0x18000fef0,src/missing/MissingGroup3.cpp:123,src/missing/MissingRound2Group1.cpp:14 claims StartGameThread -> src/missing/MissingGroup3.cpp:123,round2,PRESENT-UNPAIRED
0x18000fef0,StartGameThread,src/missing/MissingGroup3.cpp:122,round1,RECONSTRUCTED
0x1800107a0,ReleaseRefBlock_1800107a0,src/missing/MissingGroup1.cpp:64,round1,RECONSTRUCTED
0x180010820,DestroyFunctionVector,src/missing/MissingRound2Group3.cpp:222,round2,RECONSTRUCTED
0x180010aa0,FunctionManagerDestroy,src/missing/MissingGroup3.cpp:415,round1,RECONSTRUCTED
0x180010aa0,DestroyOneFunction,src/missing/MissingRound2Group3.cpp:284,round2,RECONSTRUCTED
0x180010b20,mg5_ThreadDtor,src/missing/MissingRound2Group2.cpp:148,round2,RECONSTRUCTED
0x180013f20,ScheduleDelayedTask,src/missing/MissingRound2Group1.cpp:148,round2,RECONSTRUCTED
0x180014140,SendMenuMessage,src/missing/MissingGroup2.cpp:379,round1,RECONSTRUCTED
0x180016820,DeletingDtor_180016820,src/missing/MissingGroup1.cpp:113,round1,RECONSTRUCTED
0x180018cc0,FunctionMoveSbo,src/missing/MissingGroup3.cpp:390,round1,RECONSTRUCTED
0x18001bbb0,IdDatabaseInstance,src/missing/MissingGroup3.cpp:172,round1,RECONSTRUCTED
0x18001e000,ThreadJoin,src/missing/MissingRound2Group3.cpp:198,round2,RECONSTRUCTED
0x180022340,PublishUiStatePacked,src/missing/MissingGroup2.cpp:434,round1,RECONSTRUCTED
0x180022be0,FormatIntoSceneField,src/missing/MissingGroup3.cpp:110,round1,RECONSTRUCTED
0x180022e60,mg5_PublishActiveState,src/missing/MissingRound2Group2.cpp:311,round2,RECONSTRUCTED
0x180023230,ConcatStrings,src/missing/MissingRound2Group1.cpp:86,round2,RECONSTRUCTED
0x1800236f0,ReleaseInterface,src/missing/MissingRound2Group3.cpp:304,round2,RECONSTRUCTED
0x180023b60,DestroyFunctionPair,src/missing/MissingRound2Group3.cpp:314,round2,RECONSTRUCTED
0x180023c10,DestroyArray16,src/missing/MissingRound2Group3.cpp:253,round2,RECONSTRUCTED
0x1800261e0,src/Presentation.cpp:143,src/missing/MissingRound2Group1.cpp:11 claims `anonymous-namespace'::ApplyPresentation -> src/Presentation.cpp:143,round2,PRESENT-UNPAIRED
0x18002bea0,src/Presentation.cpp:115,src/missing/MissingRound2Group1.cpp:13 claims `anonymous-namespace'::QueuePresentation -> src/Presentation.cpp:115,round2,PRESENT-UNPAIRED
0x18002c710,AllocateVector16,src/missing/MissingGroup3.cpp:134,round1,RECONSTRUCTED
0x18002cfd0,DispatchActionLambda,src/missing/MissingGroup3.cpp:98,round1,RECONSTRUCTED
0x18002d340,src/UiBridge.cpp:51,src/missing/MissingRound2Group1.cpp:12 claims `anonymous-namespace'::JsCatalogDone -> src/UiBridge.cpp:51,round2,PRESENT-UNPAIRED
0x18002dad0,EraseUnorderedRange,src/missing/MissingGroup3.cpp:272,round1,RECONSTRUCTED
0x18002dda0,src/missing/MissingGroup3.cpp:399,src/missing/MissingRound2Group1.cpp:18 claims DestroyFunctionArray -> src/missing/MissingGroup3.cpp:399,round2,PRESENT-UNPAIRED
0x18002dda0,DestroyFunctionArray,src/missing/MissingGroup3.cpp:397,round1,RECONSTRUCTED
0x18002e000,GrowBSTArray,src/missing/MissingRound2Group3.cpp:87,round2,RECONSTRUCTED
0x18002e0a0,LookupAndCallIdFunction2,src/missing/MissingRound2Group3.cpp:232,round2,RECONSTRUCTED
0x1800358a0,FileBufOpen,src/missing/MissingRound2Group3.cpp:207,round2,RECONSTRUCTED
0x180037490,src/missing/MissingGroup2.cpp:284,src/missing/MissingRound2Group1.cpp:21 claims mg2_IdLookupA -> src/missing/MissingGroup2.cpp:284,round2,PRESENT-UNPAIRED
0x1800374f0,Id2Offset,src/missing/MissingRound2Group1.cpp:207,round2,RECONSTRUCTED
0x180037ae0,mg5_RelIdLookup,src/missing/MissingRound2Group2.cpp:399,round2,RECONSTRUCTED
0x1800382b0,src/missing/MissingGroup3.cpp:209,src/missing/MissingRound2Group1.cpp:15 claims GetGameSettingDword -> src/missing/MissingGroup3.cpp:209,round2,PRESENT-UNPAIRED
0x1800382b0,GetGameSettingDword,src/missing/MissingGroup3.cpp:208,round1,RECONSTRUCTED
0x180039120,LookupIdGlobal,src/missing/MissingRound2Group3.cpp:120,round2,RECONSTRUCTED
0x18003a630,StringAppendRange,src/missing/MissingRound2Group3.cpp:77,round2,RECONSTRUCTED
0x18003a6c0,StringAssign,src/missing/MissingGroup3.cpp:321,round1,RECONSTRUCTED
0x18003ac10,DestroyTreeNodes,src/missing/MissingGroup3.cpp:382,round1,RECONSTRUCTED
0x18003e400,mg5_WriteAlignedFormat,src/missing/MissingRound2Group2.cpp:259,round2,RECONSTRUCTED
0x18003e6e0,FormatAlignedField,src/missing/MissingRound2Group1.cpp:251,round2,RECONSTRUCTED
0x18003e850,WriteAlignedValue,src/missing/MissingGroup3.cpp:306,round1,RECONSTRUCTED
0x18003eb30,WriteAlignedField,src/missing/MissingRound2Group3.cpp:147,round2,RECONSTRUCTED
0x180040890,src/missing/MissingGroup2.cpp:41,src/missing/MissingRound2Group1.cpp:20 claims mg2_FillWords -> src/missing/MissingGroup2.cpp:41,round2,PRESENT-UNPAIRED
0x180044510,mg5_AppendTripleDigit,src/missing/MissingRound2Group2.cpp:190,round2,RECONSTRUCTED
0x180044650,src/missing/MissingGroup3.cpp:338,src/missing/MissingRound2Group1.cpp:16 claims WriteZeroPaddedDecimal -> src/missing/MissingGroup3.cpp:338,round2,PRESENT-UNPAIRED
0x180044650,WriteZeroPaddedDecimal,src/missing/MissingGroup3.cpp:337,round1,RECONSTRUCTED
0x180044ab0,MoveBlockStore,src/missing/MissingRound2Group1.cpp:277,round2,RECONSTRUCTED
0x180045980,ReleaseSharedPtrControl,src/missing/MissingGroup3.cpp:365,round1,RECONSTRUCTED
0x180045d70,FlushBufferToTarget,src/missing/MissingRound2Group3.cpp:264,round2,RECONSTRUCTED
0x180046050,mg5_WritePrefixedInt,src/missing/MissingRound2Group2.cpp:234,round2,RECONSTRUCTED
0x1800464d0,WriteSignedField,src/missing/MissingGroup3.cpp:240,round1,RECONSTRUCTED
0x180046db0,VectorAssignVoidPtr_180046db0,src/missing/MissingGroup1.cpp:126,round1,RECONSTRUCTED
0x180046f00,src/missing/MissingGroup3.cpp:374,src/missing/MissingRound2Group1.cpp:17 claims AllocateVector128 -> src/missing/MissingGroup3.cpp:374,round2,PRESENT-UNPAIRED
0x180046f00,AllocateVector128,src/missing/MissingGroup3.cpp:373,round1,RECONSTRUCTED
0x180046f90,RehashByteKeyedMap,src/missing/MissingRound2Group3.cpp:187,round2,RECONSTRUCTED
0x180047140,RehashStringMap,src/missing/MissingRound2Group3.cpp:135,round2,RECONSTRUCTED
0x180047470,AppendRangeToIterator,src/missing/MissingRound2Group3.cpp:242,round2,RECONSTRUCTED
0x180047500,GrowPatternBuffer,src/missing/MissingGroup3.cpp:154,round1,RECONSTRUCTED
0x180047b60,CreateDirectories,src/missing/MissingGroup3.cpp:80,round1,RECONSTRUCTED
0x180047e40,ParentPath,src/missing/MissingRound2Group3.cpp:53,round2,RECONSTRUCTED
0x18004a450,FormatElapsed,src/missing/MissingGroup3.cpp:292,round1,RECONSTRUCTED
0x18004ce40,WriteAlignedRange,src/missing/MissingGroup3.cpp:255,round1,RECONSTRUCTED
0x18004d830,mg5_DispatchPendingTasks,src/missing/MissingRound2Group2.cpp:351,round2,RECONSTRUCTED
0x18004da00,SetRegistryLevel,src/missing/MissingRound2Group3.cpp:107,round2,RECONSTRUCTED
0x18004dfa0,InitFormatArgStore,src/missing/MissingGroup3.cpp:143,round1,RECONSTRUCTED
0x18004fb6c,CondVarTimedWait,src/missing/MissingGroup3.cpp:350,round1,RECONSTRUCTED
0x180052f30,ClearStateFlag8,src/missing/MissingGroup3.cpp:422,round1,RECONSTRUCTED
0x180052f70,CleanupFlaggedString_180052f70,src/missing/MissingGroup1.cpp:91,round1,RECONSTRUCTED
0x180053120,ClearFlag1DestroyString,src/missing/MissingRound2Group3.cpp:292,round2,RECONSTRUCTED
0x180053420,src/missing/MissingGroup3.cpp:435,src/missing/MissingRound2Group1.cpp:19 claims ClearStateFlag2 -> src/missing/MissingGroup3.cpp:435,round2,PRESENT-UNPAIRED
0x180053420,ClearStateFlag2,src/missing/MissingGroup3.cpp:433,round1,RECONSTRUCTED
0x180054d30,ShutdownUiGlobals,src/missing/MissingGroup3.cpp:217,round1,RECONSTRUCTED
0x180054d70,ShutdownCaptionStore,src/missing/MissingRound2Group1.cpp:66,round2,RECONSTRUCTED
0x180055090,LookupAndInvokeIdFunction,src/missing/MissingGroup3.cpp:199,round1,RECONSTRUCTED
0x180055090,LookupAndCallIdFunction,src/missing/MissingRound2Group3.cpp:276,round2,RECONSTRUCTED
