orig_addr,name,tier,orig_insn,our_insn,bytematch,insnratio,first_div,anchor
0x180023a80,,library,7,7,0,1.0000,,icf
0x1800312f0,,library,7,7,0,1.0000,,icf
0x180031440,,library,5,5,0,1.0000,,icf
0x180048265,,library,13,13,0,1.0000,,icf
0x1800505c8,,library,19,19,0,1.0000,,icf
0x180050604,,library,35,35,0,1.0000,,icf
0x18005074c,,library,14,14,0,1.0000,,icf
0x180050778,,plugin,17,17,0,1.0000,,icf
0x180050b64,,library,67,67,0,1.0000,,icf
0x180050c7c,,library,34,34,0,1.0000,,icf
0x180050e68,,library,155,155,0,1.0000,,icf
0x180051498,,library,39,39,0,1.0000,,icf
0x180051690,,library,9,9,0,1.0000,,icf
0x180054ef0,,library,28,28,0,1.0000,,icf
0x180054fb0,,library,13,13,0,1.0000,,icf
0x180055000,,library,28,28,0,1.0000,,icf
0x18001d150,bool __cdecl REL::Module::load_version(bool),library,222,222,0,0.9955,41,name
0x1800199f0,,library,399,399,0,0.9950,56,callgraph
0x180028a00,,library,79,78,0,0.9936,16,rtti
0x18001bcd0,bool __cdecl REL::Module::init(void),library,127,127,0,0.9921,113,name
0x18001a8f0,,library,392,392,0,0.9898,51,callgraph
0x180035040,"__cdecl REL::IDDatabase::istream_t::istream_t(class std::basic_string_view<wchar_t,struct std::char_traits<wchar_t> >,int)",library,385,385,0,0.9896,349,name
0x180018e10,,plugin,94,94,0,0.9894,24,callgraph
0x18002a8e0,"void __cdecl `anonymous-namespace'::Papyrus_Log(struct RE::StaticFunctionTag *,class std::basic_string<char,struct std::char_traits<char>,class std::allocator<char> >)",plugin,37,36,0,0.9863,24,alias
0x180020e30,,library,163,164,0,0.9847,104,callgraph
0x180039c50,class std::optional<class std::filesystem::path> __cdecl SKSE::log::log_directory(void),library,188,188,0,0.9840,61,name
0x1800124d0,,plugin,375,376,0,0.9800,44,callgraph
0x180019f90,,library,605,605,0,0.9785,130,callgraph
0x1800380b0,bool __cdecl SKSE::PapyrusInterface::Register_Impl(bool (__cdecl *)(class RE::BSScript::IVirtualMachine *)) const,library,46,46,0,0.9783,23,string
0x180037fe0,"bool __cdecl SKSE::MessagingInterface::RegisterListener(const char *,void (__cdecl *)(struct SKSE::MessagingInterface::Message *)) const",library,45,45,0,0.9778,18,callgraph
0x180006b90,,library,66,67,0,0.9774,0,callgraph
0x18000c4e0,,library,396,396,0,0.9773,89,callgraph
0x18000b7f0,,library,322,322,0,0.9752,147,callgraph
0x18000af00,,library,321,321,0,0.9751,146,callgraph
0x18000aa90,,library,315,315,0,0.9746,140,callgraph
0x18000b380,,library,315,315,0,0.9746,140,callgraph
0x18000bc80,,library,315,315,0,0.9746,140,callgraph
0x180028c80,,library,94,95,0,0.9735,65,rtti
0x180055140,,library,75,75,0,0.9733,48,callgraph
0x180051780,,library,36,38,0,0.9730,36,rtti
0x180004230,,library,518,515,0,0.9719,36,callgraph
0x1800038f0,,library,642,644,0,0.9705,38,callgraph
0x18002dd10,void *__cdecl RE::BSTArrayHeapAllocator::allocate(unsigned __int64),library,33,33,0,0.9697,19,name
0x1800439e0,,plugin,32,32,0,0.9688,26,rtti
0x180043a60,,plugin,32,32,0,0.9688,26,rtti
0x180043ae0,,plugin,32,32,0,0.9688,26,rtti
0x180043b60,,plugin,32,32,0,0.9688,26,rtti
0x180043be0,,plugin,32,32,0,0.9688,26,rtti
0x180043c60,,plugin,32,32,0,0.9688,26,rtti
0x180043ce0,,plugin,32,32,0,0.9688,26,rtti
0x180043d60,,plugin,32,32,0,0.9688,26,rtti
0x180004990,,library,516,516,0,0.9671,36,callgraph
0x180008f10,,library,575,569,0,0.9668,19,callgraph
0x18001f8d0,auto __cdecl `anonymous-namespace'::CreateViews::<lambda_4>::operator ()(const char *) const,plugin,29,29,0,0.9655,7,string
0x180043de0,,plugin,26,26,0,0.9615,20,rtti
0x180043e40,,plugin,26,26,0,0.9615,20,rtti
0x180043ea0,,plugin,26,26,0,0.9615,20,callgraph
0x180043f00,,plugin,26,26,0,0.9615,20,rtti
0x180043f60,,plugin,26,26,0,0.9615,20,rtti
0x180043fc0,,plugin,26,26,0,0.9615,20,rtti
0x180044020,,plugin,26,26,0,0.9615,20,callgraph
0x180044080,,plugin,26,26,0,0.9615,20,callgraph
0x1800440e0,,plugin,26,26,0,0.9615,20,rtti
0x180044140,,plugin,26,26,0,0.9615,20,rtti
0x1800441a0,,plugin,26,26,0,0.9615,20,rtti
0x180044200,,plugin,26,26,0,0.9615,20,rtti
0x1800442d0,,plugin,26,26,0,0.9615,20,rtti
0x180044330,,plugin,26,26,0,0.9615,20,rtti
0x180028b60,,library,62,63,0,0.9600,40,rtti
0x18003a500,,library,84,85,0,0.9586,20,callgraph
0x18000cc60,,library,261,261,0,0.9540,62,callgraph
0x180016f50,,plugin,130,130,0,0.9538,68,callgraph
0x1800404d0,,library,66,67,0,0.9474,18,callgraph
0x180028df0,,library,141,142,0,0.9470,73,rtti
0x180029010,,library,45,46,0,0.9451,28,rtti
0x18001b520,,library,35,35,0,0.9429,16,rtti
0x180001010,,library,42,41,0,0.9398,23,callgraph
0x180010350,,plugin,62,62,0,0.9355,25,callgraph
0x1800480f0,,library,31,31,0,0.9355,25,callgraph
0x18001b700,,library,125,125,0,0.9280,23,rtti
0x18002e000,,plugin,47,46,0,0.9247,17,callgraph
0x180044440,,library,46,47,0,0.9247,7,callgraph
0x18001b5b0,,library,25,25,0,0.9200,11,rtti
0x18003a925,,library,53,54,0,0.9159,0,callgraph
0x1800406a0,,library,67,69,0,0.9118,18,callgraph
0x18002e19d,,library,40,39,0,0.9114,13,callgraph
0x180028990,,library,27,28,0,0.9091,15,rtti
0x180046c40,,library,11,11,0,0.9091,5,rtti
0x18002dda0,,plugin,25,26,0,0.9020,7,callgraph
0x180013000,,library,19,19,0,0.8947,8,rtti
0x180013050,,library,19,19,0,0.8947,8,rtti
0x180005640,,library,167,162,0,0.8875,18,callgraph
0x180005a90,,library,166,163,0,0.8875,16,callgraph
0x1800178b0,,plugin,37,33,0,0.8857,19,callgraph
0x180036d10,"bool __cdecl REL::IDDatabase::unpack_file(class REL::IDDatabase::istream_t &,class REL::IDDatabase::header_t,bool)",library,247,249,0,0.8831,39,name
0x18003ad70,,library,42,42,0,0.8810,4,callgraph
0x1800068d0,,library,248,272,0,0.8808,9,string
0x18002c460,,plugin,153,154,0,0.8795,90,callgraph
0x1800288f0,,library,20,21,0,0.8780,8,rtti
0x1800290d0,,library,20,21,0,0.8780,8,rtti
0x180005ef0,,library,172,169,0,0.8739,16,callgraph
0x180028940,,library,19,20,0,0.8718,8,rtti
0x180025bc0,,plugin,94,93,0,0.8663,0,callgraph
0x180014ce0,,plugin,68,66,0,0.8507,8,callgraph
0x180023b80,,library,34,39,0,0.8493,10,callgraph
0x180023070,,plugin,100,94,0,0.8454,0,rtti
0x18003d600,,library,70,70,0,0.8429,34,callgraph
0x18004eaf0,,library,71,69,0,0.8143,8,rtti
0x18003db70,,library,566,571,0,0.8056,0,callgraph
0x180005400,,library,113,119,0,0.8017,10,string
0x180005280,,library,113,112,0,0.8000,10,string
0x180038290,,plugin,5,5,0,0.8000,2,callgraph
0x1800382b0,,library,5,5,0,0.8000,2,callgraph
0x1800382c0,,plugin,5,5,0,0.8000,2,callgraph
0x180038ca0,,plugin,2,3,0,0.8000,1,callgraph
0x18004dd20,,library,60,60,0,0.8000,5,rtti
0x180051300,,library,6,4,0,0.8000,4,callgraph
0x180015c20,,plugin,310,348,0,0.7964,7,callgraph
0x1800457b0,,plugin,47,46,0,0.7957,0,callgraph
0x18001d8b0,unsigned __int64 __cdecl REL::IDDatabase::id2offset(unsigned __int64) const,library,111,112,0,0.7892,14,name
0x180029630,int __cdecl `anonymous-namespace'::Papyrus_BeginSceneSession(struct RE::StaticFunctionTag *),plugin,51,51,0,0.7843,6,alias
0x1800050f0,,library,115,115,0,0.7826,15,string
0x180044260,,plugin,29,33,0,0.7742,1,rtti
0x180016010,,plugin,132,160,0,0.7603,6,callgraph
0x1800194a0,,plugin,172,171,0,0.7580,11,callgraph
0x1800405d0,,library,51,50,0,0.7327,7,callgraph
0x1800181d0,,plugin,500,493,0,0.7311,14,callgraph
0x18001d650,,plugin,96,98,0,0.7216,7,callgraph
0x18000fb20,,plugin,102,104,0,0.7184,11,callgraph
0x18004e670,,plugin,57,60,0,0.7179,1,callgraph
0x18000ef60,,plugin,143,129,0,0.7059,2,callgraph
0x18002c890,,library,6,11,0,0.7059,0,rtti
0x180052b90,,library,17,17,0,0.7059,2,callgraph
0x180054b20,,library,17,17,0,0.7059,2,callgraph
0x1800399f0,,plugin,137,140,0,0.7004,19,callgraph
0x1800080d0,,plugin,393,369,0,0.6745,9,rtti
0x180040920,,plugin,1554,1503,0,0.6686,1,rtti
0x180014880,,plugin,41,37,0,0.6667,9,rtti
0x180017940,,plugin,3,3,0,0.6667,2,callgraph
0x180019840,,library,3,3,0,0.6667,2,string
0x180019860,,plugin,3,3,0,0.6667,2,string
0x1800198c0,,plugin,3,3,0,0.6667,2,string
0x180044510,,library,10,8,0,0.6667,0,callgraph
0x180042180,,plugin,1553,1506,0,0.6662,1,rtti
0x18002db01,,library,56,56,0,0.6607,9,callgraph
0x180044390,,plugin,43,42,0,0.6588,10,callgraph
0x18004d060,,library,34,30,0,0.6562,0,callgraph
0x180049000,,library,33,17,0,0.6400,8,rtti
0x180034280,"bool __cdecl REL::IDDatabase::load_csv(class std::basic_string_view<wchar_t,struct std::char_traits<wchar_t> >,class REL::Version,bool)",library,796,810,0,0.6364,20,name
0x18001d7d0,,plugin,59,48,0,0.6355,0,callgraph
0x18001bc40,,plugin,31,32,0,0.6349,4,callgraph
0x18004d430,,plugin,144,142,0,0.6294,5,callgraph
0x18001bbb0,,library,30,31,0,0.6230,4,callgraph
0x18000f1a0,,library,110,99,0,0.6220,1,callgraph
0x180011e10,,plugin,418,345,0,0.6212,4,string
0x18004e800,,library,150,153,0,0.6205,11,rtti
0x18001fde0,,library,368,237,0,0.6149,14,callgraph
0x1800476d0,,library,117,96,0,0.5915,0,rtti
0x180045cc0,,plugin,7,10,0,0.5882,1,callgraph
0x18004c360,,library,10,7,0,0.5882,1,rtti
0x18003d3a0,,plugin,171,167,0,0.5858,0,callgraph
0x18000e690,,plugin,135,135,0,0.5852,7,callgraph
0x18000e940,,plugin,135,135,0,0.5852,7,callgraph
0x180039890,,library,43,30,0,0.5753,1,rtti
0x18002bd20,"void __cdecl `anonymous-namespace'::Papyrus_SetSearchQuery(struct RE::StaticFunctionTag *,class std::basic_string<char,struct std::char_traits<char>,class std::allocator<char> >)",plugin,86,86,0,0.5698,3,alias
0x180038db0,,library,81,88,0,0.5680,7,callgraph
0x180015ab0,,plugin,47,45,0,0.5652,7,callgraph
0x1800492a0,,library,53,23,0,0.5526,8,rtti
0x18004e4c0,,library,66,70,0,0.5441,2,rtti
0x180014a10,,plugin,185,183,0,0.5435,0,callgraph
0x18002dc00,,library,53,54,0,0.5421,8,callgraph
0x18003adee,,library,97,99,0,0.5408,0,callgraph
0x18000dd70,,plugin,135,132,0,0.5318,7,callgraph
0x18000e020,,plugin,145,135,0,0.5286,7,callgraph
0x18004bb90,,library,174,204,0,0.5238,0,rtti
0x18004a010,,library,23,23,0,0.5217,0,rtti
0x180020a60,,plugin,192,159,0,0.5014,0,callgraph
0x180016b20,,plugin,56,48,0,0.5000,6,callgraph
0x180021110,,plugin,112,133,0,0.4980,7,callgraph
0x180022130,,plugin,112,133,0,0.4980,7,callgraph
0x180021ec0,,plugin,127,148,0,0.4945,7,callgraph
0x1800227a0,,plugin,112,132,0,0.4918,7,callgraph
0x18002a9a0,"void __cdecl `anonymous-namespace'::Papyrus_PublishCompatible(struct RE::StaticFunctionTag *,class std::vector<class std::basic_string<char,struct std::char_traits<char>,class std::allocator<char> >,class std::allocator<class std::basic_string<char,struct std::char_traits<char>,class std::allocator<char> > > >)",plugin,312,277,0,0.4890,0,alias
0x180014920,,plugin,37,33,0,0.4857,4,callgraph
0x180022340,,plugin,117,138,0,0.4784,7,callgraph
0x18003fa40,,library,312,336,0,0.4784,22,callgraph
0x18004a0b0,,library,23,23,0,0.4783,0,rtti
0x18004a110,,library,23,23,0,0.4783,0,rtti
0x18003f150,,library,312,337,0,0.4777,22,callgraph
0x18000fd60,,library,21,17,0,0.4737,0,callgraph
0x1800151f0,,plugin,473,483,0,0.4728,12,rtti
0x180022570,,plugin,117,137,0,0.4724,7,callgraph
0x18004b0a0,,library,145,136,0,0.4698,0,rtti
0x180044ca0,,library,126,138,0,0.4697,0,callgraph
0x18003f5d0,,library,306,329,0,0.4693,21,callgraph
0x180046150,,library,267,270,0,0.4693,0,callgraph
0x180048830,,library,62,32,0,0.4681,6,rtti
0x1800229b0,,plugin,117,138,0,0.4627,7,callgraph
0x18003ece0,,library,306,330,0,0.4623,21,callgraph
0x180019772,,library,38,79,0,0.4615,0,callgraph
0x180014140,,plugin,146,166,0,0.4551,8,callgraph
0x180052a90,,library,60,72,0,0.4545,5,callgraph
0x180052bf0,,library,60,72,0,0.4545,5,callgraph
0x18004bb00,,library,39,23,0,0.4516,4,rtti
0x180052990,,library,60,73,0,0.4511,5,callgraph
0x180048910,,library,124,129,0,0.4427,0,rtti
0x180044e70,,plugin,120,125,0,0.4408,0,callgraph
0x18004b2e0,,library,149,181,0,0.4364,0,rtti
0x180049370,,library,115,120,0,0.4340,0,rtti
0x180021a20,,plugin,127,147,0,0.4307,7,callgraph
0x18004af60,,library,85,41,0,0.4286,7,rtti
0x18004a450,,library,119,152,0,0.4280,0,rtti
0x18000e310,,plugin,165,138,0,0.4224,7,callgraph
0x18004a170,,library,118,151,0,0.4164,0,rtti
0x18004a5d0,,library,120,151,0,0.4133,0,rtti
0x180028190,"void __cdecl `anonymous-namespace'::InvokeOn(unsigned __int64,const struct std::atomic<bool> &,const class std::basic_string<char,struct std::char_traits<char>,class std::allocator<char> > &)",plugin,62,59,0,0.4132,0,string
0x180045230,,plugin,315,344,0,0.4127,0,callgraph
0x180049080,,library,95,114,0,0.4115,0,rtti
0x1800382e0,"class SKSE::MessagingInterface *__cdecl SKSE::detail::QueryInterface<class SKSE::MessagingInterface>(const class SKSE::LoadInterface *,unsigned int)",library,371,456,0,0.4111,0,name
0x180049aa0,,library,211,159,0,0.4108,0,rtti
0x18004b640,,library,120,164,0,0.4085,0,rtti
0x18004b7f0,,library,120,164,0,0.4085,0,rtti
0x180039600,,library,53,45,0,0.4082,1,rtti
0x18004a2f0,,library,110,141,0,0.4064,0,rtti
0x18001b960,,library,156,166,0,0.4037,1,callgraph
0x180052840,,library,60,74,0,0.4030,3,callgraph
0x180049ef0,,library,90,125,0,0.3907,0,rtti
0x18003b200,,library,622,661,0,0.3819,8,callgraph
0x180027d20,,plugin,274,357,0,0.3803,0,string
0x18003c230,,library,497,517,0,0.3728,8,callgraph
0x18004a7b0,,library,92,128,0,0.3727,0,rtti
0x18003e570,,library,40,14,0,0.3704,1,callgraph
0x180047890,,plugin,201,216,0,0.3693,0,callgraph
0x18001f5b0,auto __cdecl `anonymous-namespace'::CreateViews::<lambda_1>::operator ()(unsigned __int64) const,plugin,41,24,0,0.3692,0,alias
0x18003a260,,library,40,25,0,0.3692,0,rtti
0x18003bb10,,library,496,520,0,0.3642,0,callgraph
0x18003cb95,,library,106,180,0,0.3636,0,callgraph
0x18001f3c0,"enum RE::BSEventNotifyControl __cdecl `anonymous-namespace'::MenuVisibilitySink::ProcessEvent(const class RE::MenuOpenCloseEvent *,class RE::BSTEventSource<class RE::MenuOpenCloseEvent> *)",plugin,108,60,0,0.3571,1,alias
0x180045040,,plugin,124,125,0,0.3534,1,callgraph
0x18004b970,,library,132,176,0,0.3506,0,rtti
0x18001b610,,library,21,19,0,0.3500,0,rtti
0x18001b660,,library,21,19,0,0.3500,0,rtti
0x18001b8b0,,library,21,19,0,0.3500,0,rtti
0x18004ae40,,library,97,131,0,0.3421,0,rtti
0x18004e1c0,,plugin,197,277,0,0.3418,4,string
0x180008ab0,,library,292,131,0,0.3357,0,callgraph
0x18003a000,,library,64,99,0,0.3313,1,callgraph
0x180048740,,library,81,116,0,0.3249,0,rtti
0x18004db10,,plugin,92,87,0,0.3240,0,callgraph
0x18001f770,"void __cdecl `anonymous-namespace'::SetCollapsed(bool,const char *)",plugin,70,54,0,0.3226,1,string
0x180048ad0,,library,80,115,0,0.3179,0,rtti
0x18004ad20,,library,80,115,0,0.3179,0,rtti
0x180048c10,,library,86,122,0,0.3173,0,rtti
0x18002a000,"void __cdecl `anonymous-namespace'::Papyrus_CatalogBegin(struct RE::StaticFunctionTag *,int)",plugin,132,128,0,0.3154,0,alias
0x18004bdd0,,library,97,132,0,0.3144,0,rtti
0x1800458c0,,plugin,31,33,0,0.3125,1,callgraph
0x180017ca0,,library,111,120,0,0.3117,1,callgraph
0x180026a80,,plugin,555,468,0,0.3069,9,rtti
0x18004c400,,library,557,203,0,0.3053,0,rtti
0x180029120,"void __cdecl `anonymous-namespace'::OnConsoleMessage(unsigned __int64,enum PRISMA_UI_API::ConsoleMessageLevel,const char *)",plugin,48,31,0,0.3038,0,name
0x18001ea90,,plugin,10,37,0,0.2979,0,callgraph
0x18002df30,,plugin,48,46,0,0.2979,0,callgraph
0x18001b310,,plugin,12,42,0,0.2963,0,callgraph
0x18004abf0,,library,74,109,0,0.2951,0,rtti
0x18004a070,,library,17,17,0,0.2941,0,rtti
0x180013290,void __cdecl FocusRecovery::Cancel(void),plugin,52,44,0,0.2917,2,name
0x1800161ec,,library,82,194,0,0.2899,0,callgraph
0x180048e30,,library,76,111,0,0.2888,0,rtti
0x1800491c0,,library,73,108,0,0.2873,0,rtti
0x180024e20,,library,175,175,0,0.2857,0,callgraph
0x180050363,,plugin,30,6,0,0.2778,0,rtti
0x18000d8a0,,plugin,155,70,0,0.2756,0,callgraph
0x180025fc0,void __cdecl `anonymous-namespace'::ApplyConsoleVisibility(bool),plugin,126,99,0,0.2756,2,name
0x18004a900,,library,77,112,0,0.2751,0,rtti
0x180049510,,library,74,109,0,0.2732,0,rtti
0x18004aa00,,library,74,109,0,0.2732,0,rtti
0x18000fed0,,plugin,9,35,0,0.2727,0,callgraph
0x18002e0a0,,library,51,52,0,0.2718,0,callgraph
0x18003a9e0,,plugin,17,20,0,0.2703,1,callgraph
0x18004ab20,,library,68,96,0,0.2683,0,rtti
0x180048d30,,library,73,108,0,0.2652,0,rtti
0x180048f20,,library,73,108,0,0.2652,0,rtti
0x180049db0,,library,73,108,0,0.2652,0,rtti
0x180037640,,plugin,88,48,0,0.2647,0,callgraph
0x18003a180,,library,46,45,0,0.2637,0,callgraph
0x1800484d0,,library,82,116,0,0.2626,0,rtti
0x180048610,,library,82,116,0,0.2626,0,rtti
0x180049630,,library,82,116,0,0.2626,0,rtti
0x180049770,,library,82,116,0,0.2626,0,rtti
0x18004b500,,library,82,116,0,0.2626,0,rtti
0x18004bf10,,library,74,109,0,0.2623,0,rtti
0x18002d170,,library,94,112,0,0.2621,0,string
0x1800149a0,,plugin,29,109,0,0.2609,0,callgraph
0x1800396c0,,library,17,52,0,0.2609,0,rtti
0x18002e250,bool __cdecl SKSEPlugin_Load(const class SKSE::LoadInterface *),plugin,52,135,0,0.2567,1,name
0x18002ae90,"void __cdecl `anonymous-namespace'::Papyrus_PublishSceneState(struct RE::StaticFunctionTag *,int,bool,int,int,class std::basic_string<char,struct std::char_traits<char>,class std::allocator<char> >,class std::basic_string<char,struct std::char_traits<char>,class std::allocator<char> >,class std::basic_string<char,struct std::char_traits<char>,class std::allocator<char> >,int,int,bool,bool,bool,float,class std::vector<class std::basic_string<char,struct std::char_traits<char>,class std::allocator<char> >,class std::allocator<class std::basic_string<char,struct std::char_traits<char>,class std::allocator<ch",plugin,811,733,0,0.2552,0,alias
0x180049870,,library,149,63,0,0.2453,0,rtti
0x18004de30,,library,42,32,0,0.2432,1,callgraph
0x180014f30,,library,182,153,0,0.2388,0,rtti
0x1800292ca,void __cdecl `anonymous-namespace'::CreateViews(void),plugin,142,104,0,0.2358,0,string
0x18004d240,,library,109,79,0,0.2340,0,string
0x18001d510,,library,22,21,0,0.2326,0,rtti
0x18002a410,"void __cdecl `anonymous-namespace'::Papyrus_CatalogPackage(struct RE::StaticFunctionTag *,class std::basic_string<char,struct std::char_traits<char>,class std::allocator<char> >,class std::vector<class std::basic_string<char,struct std::char_traits<char>,class std::allocator<char> >,class std::allocator<class std::basic_string<char,struct std::char_traits<char>,class std::allocator<char> > > >)",plugin,168,128,0,0.2297,0,alias
0x180044650,,library,34,128,0,0.2222,0,callgraph
0x18004c150,,library,162,148,0,0.2194,0,rtti
0x18000f650,,plugin,47,91,0,0.2029,0,callgraph
0x180037a8a,,library,7,43,0,0.2000,0,callgraph
0x180044ab0,,plugin,58,78,0,0.1912,0,callgraph
0x18002c0d0,void __cdecl `anonymous-namespace'::RequestSearchInput(const char *),plugin,88,204,0,0.1849,1,name
0x1800255c0,void __cdecl `anonymous-namespace'::RequestSearchInput::<lambda_1>::operator ()(void) const,plugin,125,201,0,0.1840,4,callgraph
0x180027c80,,library,14,34,0,0.1667,0,callgraph
0x18001e3b0,,plugin,52,82,0,0.1642,0,callgraph
0x1800282b0,,plugin,390,195,0,0.1607,0,callgraph
0x180023d70,void *__cdecl RE::BSIntrusiveRefCounted::operator new(unsigned __int64),library,21,80,0,0.1584,0,callgraph
0x18002a29b,void __cdecl `anonymous-namespace'::Papyrus_CatalogFinish(struct RE::StaticFunctionTag *),plugin,58,167,0,0.1511,0,alias
0x1800168ac,,library,41,26,0,0.1493,0,callgraph
0x18003d160,,plugin,163,151,0,0.1465,0,callgraph
0x180020659,,library,80,116,0,0.1429,0,callgraph
0x18002cfd0,auto __cdecl `anonymous-namespace'::DispatchAction::<lambda_1>::operator ()(void) const,plugin,85,62,0,0.1361,0,string
0x18003970a,,library,8,37,0,0.1333,0,callgraph
0x18001f690,auto __cdecl `anonymous-namespace'::CreateViews::<lambda_2>::operator ()(const char *) const,plugin,41,160,0,0.1294,0,string
0x180037840,,plugin,9,39,0,0.1250,0,callgraph
0x18003a430,,plugin,9,39,0,0.1250,0,callgraph
0x180024080,,library,244,429,0,0.1248,0,callgraph
0x180029218,,plugin,40,72,0,0.1071,0,string
0x180029740,,plugin,549,170,0,0.1057,0,callgraph
0x180016956,,library,115,32,0,0.0952,0,callgraph
0x18004c390,,library,18,3,0,0.0952,0,rtti
0x18002a70b,void __cdecl `anonymous-namespace'::Papyrus_CatalogPublish(struct RE::StaticFunctionTag *),plugin,41,150,0,0.0942,0,alias
0x180013122,"void __cdecl FocusRecovery::Begin(class PRISMA_UI_API::IVPrismaUI1 *,unsigned __int64,const struct std::atomic<bool> *,const struct std::atomic<bool> *)",plugin,51,249,0,0.0933,0,name
0x1800246b0,auto __cdecl `anonymous-namespace'::PublishCatalogToUi::<lambda_1>::operator ()(void) const,plugin,446,537,0,0.0875,0,callgraph
0x18002c260,void __cdecl `anonymous-namespace'::SendAction(const char *),plugin,124,136,0,0.0846,0,alias
0x1800273a0,,plugin,581,321,0,0.0843,0,string
0x180013408,"void __cdecl FocusRecovery::`anonymous-namespace'::CheckUnfocus(unsigned __int64,int)",plugin,152,33,0,0.0757,0,callgraph
0x18001f980,auto __cdecl `anonymous-namespace'::CreateViews::<lambda_5>::operator ()(const char *) const,plugin,70,338,0,0.0686,0,string
0x18004bff0,,library,98,49,0,0.0680,0,rtti
0x180017390,,plugin,30,30,0,0.0667,0,callgraph
0x180046db0,,plugin,14,21,0,0.0571,0,callgraph
0x1800261e0,void __cdecl `anonymous-namespace'::ApplyPresentation(void),plugin,326,52,0,0.0529,0,alias
0x18003cf00,,library,168,65,0,0.0429,0,callgraph
0x180044c00,,plugin,47,2,0,0.0408,0,callgraph
0x1800480e0,,plugin,2,47,0,0.0408,0,callgraph
0x18002cb60,,library,16,413,0,0.0280,0,callgraph
0x180001000,,library,2,,0,0.0000,,
0x1800010f0,,library,2,,0,0.0000,,
0x180001100,,library,12,,0,0.0000,,
0x180001150,,library,2,,0,0.0000,,
0x180001160,,library,2,,0,0.0000,,
0x1800011d0,,library,2,,0,0.0000,,
0x180001d20,,plugin,33,,0,0.0000,,
0x180001d94,,library,112,,0,0.0000,,
0x180005629,,library,2,,0,0.0000,,
0x1800058ad,,library,113,,0,0.0000,,
0x180005a2e,,library,46,,0,0.0000,,
0x180005cee,,library,116,,0,0.0000,,
0x180005e92,,library,44,,0,0.0000,,
0x180006110,,plugin,73,,0,0.0000,,
0x180006216,,library,20,,0,0.0000,,
0x180006262,,library,11,,0,0.0000,,
0x180006290,,library,42,,0,0.0000,,
0x180007dd0,,plugin,13,7,0,0.0000,0,callgraph
0x180007e01,,library,1,,0,0.0000,,
0x180007e06,,library,28,,0,0.0000,,
0x180007e68,,library,39,,0,0.0000,,
0x180008a30,,library,7,,0,0.0000,,
0x180008a45,,library,21,,0,0.0000,,
0x180008a98,,library,5,,0,0.0000,,
0x18000d194,,library,356,,0,0.0000,,
0x18000f350,,plugin,28,,0,0.0000,,
0x18000fea0,,plugin,11,,0,0.0000,,
0x18000fef0,,plugin,102,,0,0.0000,,
0x180010070,,library,21,,0,0.0000,,
0x1800101e0,,library,15,,0,0.0000,,
0x1800102f0,,library,23,,0,0.0000,,
0x180010460,,plugin,30,,0,0.0000,,
0x1800104e0,,library,2,,0,0.0000,,
0x180010580,,library,2,,0,0.0000,,
0x180010710,,library,2,,0,0.0000,,
0x180010780,,library,2,,0,0.0000,,
0x180010790,,library,5,,0,0.0000,,
0x1800107a0,,library,22,,0,0.0000,,
0x180010810,,library,1,,0,0.0000,,
0x180010820,,library,7,,0,0.0000,,
0x180010839,,library,6,,0,0.0000,,
0x18001084f,,library,16,,0,0.0000,,
0x180010885,,library,14,,0,0.0000,,
0x1800108c0,,library,13,,0,0.0000,,
0x1800108f0,,library,4,,0,0.0000,,
0x1800108fb,,library,6,,0,0.0000,,
0x180010990,,library,40,,0,0.0000,,
0x180010a20,,library,1,,0,0.0000,,
0x180010aa0,,library,14,,0,0.0000,,
0x180010af0,,library,2,,0,0.0000,,
0x180010b20,,library,55,,0,0.0000,,
0x180010c30,,library,1,,0,0.0000,,
0x180010c40,,library,15,,0,0.0000,,
0x180010c80,,library,9,,0,0.0000,,
0x180010ca0,,library,1,,0,0.0000,,
0x180010cb0,,library,7,,0,0.0000,,
0x180012a60,,plugin,49,,0,0.0000,,
0x180012b1e,,library,28,,0,0.0000,,
0x180012b85,,library,12,,0,0.0000,,
0x1800130e0,,plugin,18,,0,0.0000,,
0x180013254,,library,6,,0,0.0000,,
0x180013268,,library,6,,0,0.0000,,
0x1800133b0,,library,13,,0,0.0000,,
0x1800133e1,,library,10,,0,0.0000,,
0x18001368e,,library,1,,0,0.0000,,
0x180013696,,library,5,,0,0.0000,,
0x1800136b0,void __cdecl FocusRecovery::`anonymous-namespace'::CloseOwnedConsole(void),plugin,32,,0,0.0000,,
0x180013760,void __cdecl FocusRecovery::`anonymous-namespace'::Finalize(unsigned __int64),plugin,110,,0,0.0000,,
0x180013920,,plugin,53,,0,0.0000,,
0x180013a10,,plugin,1,,0,0.0000,,
0x180013a18,,library,1,,0,0.0000,,
0x180013a20,,library,349,,0,0.0000,,
0x180013f20,,plugin,99,,0,0.0000,,
0x180014360,void __cdecl FocusRecovery::`anonymous-namespace'::StartConsolePulse(unsigned __int64),plugin,44,,0,0.0000,,
0x180014428,void __cdecl FocusRecovery::`anonymous-namespace'::StartConsolePulse(unsigned __int64),plugin,68,,0,0.0000,,
0x180014571,,library,4,,0,0.0000,,
0x180014590,,library,15,,0,0.0000,,
0x1800145c5,"void __cdecl FocusRecovery::`anonymous-namespace'::VerifyCleanup(unsigned __int64,int,bool)",plugin,57,,0,0.0000,,
0x1800146d3,,library,6,,0,0.0000,,
0x1800146e0,"void __cdecl FocusRecovery::`anonymous-namespace'::VerifyCleanup(unsigned __int64,int,bool)",plugin,94,,0,0.0000,,
0x180014dd0,,library,13,,0,0.0000,,
0x180014dfb,,library,84,,0,0.0000,,
0x180014f16,,library,7,,0,0.0000,,
0x1800158d0,,plugin,23,,0,0.0000,,
0x180015a10,,library,43,,0,0.0000,,
0x1800161d0,,plugin,8,,0,0.0000,,
0x180016317,,library,9,,0,0.0000,,
0x180016339,,library,4,,0,0.0000,,
0x180016420,,library,6,,0,0.0000,,
0x180016440,,library,6,,0,0.0000,,
0x180016460,,library,6,,0,0.0000,,
0x180016860,,library,5,,0,0.0000,,
0x180016870,,plugin,17,,0,0.0000,,
0x180016b02,,library,2,,0,0.0000,,
0x180016b0c,,library,6,,0,0.0000,,
0x180016bf0,,library,3,,0,0.0000,,
0x180016c00,,library,2,,0,0.0000,,
0x180016c10,,library,66,,0,0.0000,,
0x180016d20,,library,17,,0,0.0000,,
0x180016d70,,library,4,,0,0.0000,,
0x180016d80,,library,5,,0,0.0000,,
0x180016da0,,library,4,,0,0.0000,,
0x180017e30,,library,45,,0,0.0000,,
0x180018cc0,,plugin,32,,0,0.0000,,
0x1800190b0,,library,57,,0,0.0000,,
0x180019160,,library,2,,0,0.0000,,
0x180019170,,library,2,,0,0.0000,,
0x180019180,,library,2,,0,0.0000,,
0x180019190,,library,2,,0,0.0000,,
0x1800191a0,,library,2,,0,0.0000,,
0x1800191b0,,library,2,,0,0.0000,,
0x1800191c0,,library,2,,0,0.0000,,
0x1800196b0,,plugin,55,,0,0.0000,,
0x180019802,,library,15,,0,0.0000,,
0x18001b34a,,library,13,,0,0.0000,,
0x18001b380,,library,6,,0,0.0000,,
0x18001e000,,library,100,,0,0.0000,,
0x18001e46c,,library,25,,0,0.0000,,
0x18001e4be,,library,23,,0,0.0000,,
0x18001e501,,library,1,,0,0.0000,,
0x18001e506,,library,5,,0,0.0000,,
0x18001e517,,library,23,,0,0.0000,,
0x18001e556,,library,49,,0,0.0000,,
0x18001e610,,plugin,25,,0,0.0000,,
0x18001e65b,,library,8,,0,0.0000,,
0x18001e682,,library,27,,0,0.0000,,
0x18001e6e0,,library,1,,0,0.0000,,
0x18001e6e5,,library,6,,0,0.0000,,
0x18001e6f3,,library,8,,0,0.0000,,
0x18001e708,,library,10,,0,0.0000,,
0x18001e740,,plugin,123,,0,0.0000,,
0x18001eac3,,library,11,,0,0.0000,,
0x18001eaf1,,library,4,,0,0.0000,,
0x18001f0b0,"enum RE::BSEventNotifyControl __cdecl `anonymous-namespace'::InputSink::ProcessEvent(class RE::InputEvent *const *,class RE::BSTEventSource<class RE::InputEvent *> *)",plugin,167,,0,0.0000,,
0x180020610,,plugin,22,,0,0.0000,,
0x180021320,,plugin,117,,0,0.0000,,
0x180021550,,plugin,127,,0,0.0000,,
0x1800217d0,,plugin,122,,0,0.0000,,
0x180021ca0,,plugin,117,,0,0.0000,,
0x180022be0,,plugin,127,,0,0.0000,,
0x180022e60,,plugin,112,,0,0.0000,,
0x180023230,,plugin,77,,0,0.0000,,
0x180023348,,library,29,,0,0.0000,,
0x1800233b3,,library,11,,0,0.0000,,
0x1800233e0,,plugin,47,,0,0.0000,,
0x180023690,,library,2,,0,0.0000,,
0x1800236f0,,library,12,,0,0.0000,,
0x180023850,,library,2,,0,0.0000,,
0x180023990,,library,1,,0,0.0000,,
0x180023a70,,library,1,,0,0.0000,,
0x180023b60,,library,9,,0,0.0000,,
0x180023c10,,library,25,,0,0.0000,,
0x180023e90,void __cdecl `anonymous-namespace'::RequestSearchInput::<lambda_1>::()::<lambda_1>::operator ()(void) const,plugin,114,,0,0.0000,,
0x180024450,,library,152,,0,0.0000,,
0x1800250f0,,library,302,,0,0.0000,,
0x180025ce0,,plugin,169,,0,0.0000,,
0x180026790,void __cdecl `anonymous-namespace'::ApplyVanillaHUDVisibility(bool),plugin,167,,0,0.0000,,
0x180027cc3,,library,7,,0,0.0000,,
0x180027ce6,,library,8,,0,0.0000,,
0x180029200,,plugin,6,,0,0.0000,,
0x1800295a4,void __cdecl `anonymous-namespace'::OnMessage(struct SKSE::MessagingInterface::Message *),plugin,23,,0,0.0000,,
0x18002961e,,library,3,,0,0.0000,,
0x18002a270,,plugin,7,,0,0.0000,,
0x18002a3ec,,library,6,,0,0.0000,,
0x18002a6e0,,plugin,7,,0,0.0000,,
0x18002a802,,library,6,,0,0.0000,,
0x18002a830,,plugin,7,,0,0.0000,,
0x18002a850,,library,10,,0,0.0000,,
0x18002a87f,,library,6,,0,0.0000,,
0x18002a8a0,,plugin,1,,0,0.0000,,
0x18002a8a8,,library,1,,0,0.0000,,
0x18002bea0,,plugin,11,,0,0.0000,,
0x18002bee0,,plugin,117,,0,0.0000,,
0x18002c710,,library,20,,0,0.0000,,
0x18002c970,,library,12,,0,0.0000,,
0x18002c9a0,,library,12,,0,0.0000,,
0x18002c9d0,,library,16,,0,0.0000,,
0x18002ca10,,library,6,,0,0.0000,,
0x18002ca70,,library,12,,0,0.0000,,
0x18002caf0,,library,12,,0,0.0000,,
0x18002cc20,,library,5,,0,0.0000,,
0x18002cfc0,,library,2,,0,0.0000,,
0x18002d160,,library,2,,0,0.0000,,
0x18002d340,,library,67,,0,0.0000,,
0x18002d490,,library,2,,0,0.0000,,
0x18002d4a0,,library,2,,0,0.0000,,
0x18002d4b0,,library,2,,0,0.0000,,
0x18002d4c0,,library,2,,0,0.0000,,
0x18002d4d0,,library,1,,0,0.0000,,
0x18002d4e0,,library,2,,0,0.0000,,
0x18002d7b0,,library,16,,0,0.0000,,
0x18002d7f0,,library,16,,0,0.0000,,
0x18002d830,,library,20,,0,0.0000,,
0x18002d880,,library,16,,0,0.0000,,
0x18002d8c0,,library,16,,0,0.0000,,
0x18002d990,,library,2,,0,0.0000,,
0x18002d9a0,,library,2,,0,0.0000,,
0x18002d9b0,,library,2,,0,0.0000,,
0x18002d9c0,,library,2,,0,0.0000,,
0x18002d9d0,,library,2,,0,0.0000,,
0x18002d9e0,,library,2,,0,0.0000,,
0x18002d9f0,,library,2,,0,0.0000,,
0x18002da00,,library,2,,0,0.0000,,
0x18002da10,,library,2,,0,0.0000,,
0x18002da20,,library,2,,0,0.0000,,
0x18002da30,,library,2,,0,0.0000,,
0x18002da40,,library,2,,0,0.0000,,
0x18002dad0,,library,14,,0,0.0000,,
0x18002dbf3,,library,6,,0,0.0000,,
0x18002e340,,plugin,22,,0,0.0000,,
0x18002e3b0,,plugin,1,,0,0.0000,,
0x18002e3c0,,plugin,2,,0,0.0000,,
0x18002e3d0,,plugin,1,,0,0.0000,,
0x18002e3f0,,plugin,1,,0,0.0000,,
0x18002e400,,plugin,1,,0,0.0000,,
0x18002e410,,plugin,1,,0,0.0000,,
0x18002e470,,plugin,1,,0,0.0000,,
0x18002e480,,plugin,2,6,0,0.0000,0,callgraph
0x18002e490,,plugin,1,,0,0.0000,,
0x18002e4e0,,plugin,1,,0,0.0000,,
0x18002e4f0,,plugin,1,,0,0.0000,,
0x180037490,,plugin,9,,0,0.0000,,
0x1800374bd,,library,9,,0,0.0000,,
0x1800374e6,,library,3,,0,0.0000,,
0x1800374f0,,plugin,8,,0,0.0000,,
0x18003751e,,library,9,,0,0.0000,,
0x180037547,,library,3,,0,0.0000,,
0x18003786d,,library,9,,0,0.0000,,
0x180037896,,library,3,,0,0.0000,,
0x180037a40,,plugin,17,,0,0.0000,,
0x180037aad,,library,10,,0,0.0000,,
0x180037ae0,,plugin,9,,0,0.0000,,
0x180037b0d,,library,9,,0,0.0000,,
0x180037b36,,library,3,,0,0.0000,,
0x180037f80,,library,1,,0,0.0000,,
0x180037fa0,,library,1,,0,0.0000,,
0x180037fb0,,library,1,,0,0.0000,,
0x180037fc0,,library,1,,0,0.0000,,
0x180038190,,library,2,,0,0.0000,,
0x180038ed0,,library,2,,0,0.0000,,
0x180038ee0,,library,2,,0,0.0000,,
0x180038f50,,library,1,,0,0.0000,,
0x180038f60,,library,1,,0,0.0000,,
0x1800390b0,,plugin,9,,0,0.0000,,
0x1800390dd,,library,9,,0,0.0000,,
0x180039106,,library,3,,0,0.0000,,
0x180039120,,plugin,9,,0,0.0000,,
0x18003914d,,library,9,,0,0.0000,,
0x180039176,,library,3,,0,0.0000,,
0x180039180,,plugin,9,,0,0.0000,,
0x180039730,,library,13,,0,0.0000,,
0x180039f60,,plugin,1,,0,0.0000,,
0x18003a110,,library,10,,0,0.0000,,
0x18003a143,,library,11,,0,0.0000,,
0x18003a171,,library,4,,0,0.0000,,
0x18003a370,,library,17,,0,0.0000,,
0x18003a3b7,,library,7,,0,0.0000,,
0x18003a3da,,library,10,,0,0.0000,,
0x18003a400,,library,1,,0,0.0000,,
0x18003a45d,,library,9,,0,0.0000,,
0x18003a486,,library,3,,0,0.0000,,
0x18003a653,,library,19,,0,0.0000,,
0x18003a6c0,,plugin,26,,0,0.0000,,
0x18003a71d,,library,64,,0,0.0000,,
0x18003a801,,library,9,,0,0.0000,,
0x18003a830,,library,15,,0,0.0000,,
0x18003a862,,library,54,,0,0.0000,,
0x18003aa1b,,library,136,,0,0.0000,,
0x18003aca0,,plugin,65,,0,0.0000,,
0x18003af59,,library,11,,0,0.0000,,
0x18003af80,,library,173,,0,0.0000,,
0x18003c9f0,,library,10,,0,0.0000,,
0x18003ca10,,library,73,,0,0.0000,,
0x18003cb1d,,library,5,,0,0.0000,,
0x18003cb27,,library,11,,0,0.0000,,
0x18003cd70,,library,13,,0,0.0000,,
0x18003cd9e,,library,93,,0,0.0000,,
0x18003d710,,library,303,,0,0.0000,,
0x18003e380,,library,11,,0,0.0000,,
0x18003e39b,,library,25,,0,0.0000,,
0x18003e3e5,,library,8,,0,0.0000,,
0x18003e400,,library,40,,0,0.0000,,
0x18003e479,,library,26,,0,0.0000,,
0x18003e4cd,,library,49,,0,0.0000,,
0x18003e5e9,,library,26,,0,0.0000,,
0x18003e63d,,library,49,,0,0.0000,,
0x18003e6e0,,library,40,,0,0.0000,,
0x18003e759,,library,26,,0,0.0000,,
0x18003e7ad,,library,49,,0,0.0000,,
0x18003e850,,library,40,,0,0.0000,,
0x18003e8c9,,library,26,,0,0.0000,,
0x18003e91d,,library,49,,0,0.0000,,
0x18003e9c0,,library,40,,0,0.0000,,
0x18003ea39,,library,26,,0,0.0000,,
0x18003ea8d,,library,49,,0,0.0000,,
0x18003eb30,,library,134,,0,0.0000,,
0x18003fec0,,library,306,,0,0.0000,,
0x180040330,,library,57,,0,0.0000,,
0x1800403f0,,library,52,,0,0.0000,,
0x1800404aa,,library,11,,0,0.0000,,
0x180040890,,library,18,,0,0.0000,,
0x1800408ed,,library,11,,0,0.0000,,
0x180044536,,library,55,,0,0.0000,,
0x1800445f9,,library,23,,0,0.0000,,
0x1800446bd,,library,26,,0,0.0000,,
0x180044720,,library,8,,0,0.0000,,
0x180044740,,library,174,,0,0.0000,,
0x180044b80,,plugin,30,,0,0.0000,,
0x180045980,,library,2,,0,0.0000,,
0x180045988,,library,4,,0,0.0000,,
0x180045995,,library,6,,0,0.0000,,
0x1800459e2,,library,4,,0,0.0000,,
0x1800459f4,,library,4,,0,0.0000,,
0x180045cd9,,library,21,,0,0.0000,,
0x180045d26,,library,20,,0,0.0000,,
0x180045d70,,library,24,,0,0.0000,,
0x180045fc0,,library,14,,0,0.0000,,
0x180045ff0,,library,19,,0,0.0000,,
0x180046030,,library,7,,0,0.0000,,
0x180046050,,library,8,,0,0.0000,,
0x180046069,,library,6,,0,0.0000,,
0x18004607d,,library,19,,0,0.0000,,
0x1800460c5,,library,4,,0,0.0000,,
0x1800460d3,,library,39,,0,0.0000,,
0x1800464d0,,library,166,,0,0.0000,,
0x1800466d0,,library,183,,0,0.0000,,
0x180046910,,library,183,,0,0.0000,,
0x180046b50,,library,1,,0,0.0000,,
0x180046dea,,library,61,,0,0.0000,,
0x180046ed2,,library,8,,0,0.0000,,
0x180046f00,,library,39,,0,0.0000,,
0x180046f90,,library,12,,0,0.0000,,
0x180046fbf,,library,19,,0,0.0000,,
0x180047008,,library,60,,0,0.0000,,
0x1800470ed,,library,6,,0,0.0000,,
0x1800470fe,,library,11,,0,0.0000,,
0x180047140,,library,12,,0,0.0000,,
0x180047170,,library,23,,0,0.0000,,
0x1800471ca,,library,111,,0,0.0000,,
0x180047371,,library,8,,0,0.0000,,
0x18004738d,,library,11,,0,0.0000,,
0x180047470,,library,11,,0,0.0000,,
0x18004748c,,library,26,,0,0.0000,,
0x1800474e3,,library,7,,0,0.0000,,
0x180047500,,plugin,47,,0,0.0000,,
0x180047b60,,plugin,194,,0,0.0000,,
0x180047e40,,plugin,7,,0,0.0000,,
0x180047e5e,,library,73,,0,0.0000,,
0x180047f83,,library,33,,0,0.0000,,
0x18004802d,,library,45,,0,0.0000,,
0x1800483b0,,plugin,35,,0,0.0000,,
0x18004ccd1,,library,7,,0,0.0000,,
0x18004ccf3,,library,12,,0,0.0000,,
0x18004ce40,,library,146,,0,0.0000,,
0x18004d830,,plugin,102,,0,0.0000,,
0x18004da00,,plugin,35,,0,0.0000,,
0x18004dfa0,,plugin,67,,0,0.0000,,
0x18004ec0c,,library,1,,0,0.0000,,
0x18004fae0,,library,1,,0,0.0000,,
0x18004fb10,,library,15,,0,0.0000,,
0x18004fb6c,,library,45,,0,0.0000,,
0x18004fc04,,library,3,,0,0.0000,,
0x18004fcec,,library,3,,0,0.0000,,
0x1800509f6,,library,1,,0,0.0000,,
0x1800512f0,,library,1,,0,0.0000,,
0x1800512f8,,library,2,,0,0.0000,,
0x1800516b4,,library,2,,0,0.0000,,
0x1800516c4,,library,2,,0,0.0000,,
0x1800516d0,,library,2,,0,0.0000,,
0x1800516f4,,library,2,,0,0.0000,,
0x180051866,,library,1,,0,0.0000,,
0x180051886,,library,1,,0,0.0000,,
0x1800518d0,,library,2,,0,0.0000,,
0x180051940,,library,2,,0,0.0000,,
0x180051950,,library,2,,0,0.0000,,
0x180051960,,library,2,,0,0.0000,,
0x180051970,,library,2,,0,0.0000,,
0x180051990,,library,2,,0,0.0000,,
0x1800519a0,,library,2,,0,0.0000,,
0x1800519b0,,library,2,,0,0.0000,,
0x1800519c0,,library,2,,0,0.0000,,
0x1800519d0,,library,2,,0,0.0000,,
0x1800519e0,,library,2,,0,0.0000,,
0x1800519f0,,library,13,,0,0.0000,,
0x180051a20,,library,2,,0,0.0000,,
0x180051bf0,,library,2,,0,0.0000,,
0x180051c00,,library,2,,0,0.0000,,
0x180051dd0,,library,2,,0,0.0000,,
0x180051fa0,,library,2,,0,0.0000,,
0x180051fe0,,library,2,,0,0.0000,,
0x180051ff0,,library,2,,0,0.0000,,
0x180052000,,library,2,,0,0.0000,,
0x180052090,,library,2,,0,0.0000,,
0x1800520a0,,library,2,,0,0.0000,,
0x1800520b0,,library,2,,0,0.0000,,
0x180052110,,library,2,,0,0.0000,,
0x180052150,,library,2,,0,0.0000,,
0x180052160,,library,2,,0,0.0000,,
0x1800521a0,,library,2,,0,0.0000,,
0x1800521d0,,library,2,,0,0.0000,,
0x1800521e0,,library,2,,0,0.0000,,
0x1800521f0,,library,3,,0,0.0000,,
0x180052210,,library,2,,0,0.0000,,
0x180052230,,library,2,,0,0.0000,,
0x180052240,,library,2,,0,0.0000,,
0x180052250,,library,2,,0,0.0000,,
0x180052260,,library,2,,0,0.0000,,
0x180052270,,library,2,,0,0.0000,,
0x180052280,,library,2,,0,0.0000,,
0x180052290,,library,2,,0,0.0000,,
0x1800522a0,,library,2,,0,0.0000,,
0x1800522b0,,library,2,,0,0.0000,,
0x1800522c0,,library,13,,0,0.0000,,
0x1800522f0,,library,2,,0,0.0000,,
0x180052300,,library,2,,0,0.0000,,
0x180052310,,library,2,,0,0.0000,,
0x180052320,,library,2,,0,0.0000,,
0x180052330,,library,2,,0,0.0000,,
0x180052340,,library,2,,0,0.0000,,
0x180052350,,library,2,,0,0.0000,,
0x180052360,,library,2,,0,0.0000,,
0x180052370,,library,2,,0,0.0000,,
0x180052380,,library,2,,0,0.0000,,
0x180052390,,library,2,,0,0.0000,,
0x1800523a0,,library,2,,0,0.0000,,
0x1800523b0,,library,2,,0,0.0000,,
0x1800523c0,,library,13,,0,0.0000,,
0x1800523f0,,library,2,,0,0.0000,,
0x180052400,,library,2,,0,0.0000,,
0x180052410,,library,2,,0,0.0000,,
0x180052420,,library,2,,0,0.0000,,
0x180052430,,library,2,,0,0.0000,,
0x180052440,,library,2,,0,0.0000,,
0x180052450,,library,2,,0,0.0000,,
0x180052460,,library,2,,0,0.0000,,
0x1800524a0,,library,2,,0,0.0000,,
0x1800524b0,,library,2,,0,0.0000,,
0x1800524c0,,library,2,,0,0.0000,,
0x1800524d0,,library,2,,0,0.0000,,
0x1800524e0,,library,2,,0,0.0000,,
0x1800524f0,,library,2,,0,0.0000,,
0x180052500,,library,2,,0,0.0000,,
0x180052510,,library,2,,0,0.0000,,
0x180052520,,library,2,,0,0.0000,,
0x180052530,,library,2,,0,0.0000,,
0x180052540,,library,2,,0,0.0000,,
0x180052610,,library,2,,0,0.0000,,
0x180052620,,library,2,,0,0.0000,,
0x180052630,,library,2,,0,0.0000,,
0x180052640,,library,2,,0,0.0000,,
0x180052650,,library,2,,0,0.0000,,
0x180052660,,library,2,,0,0.0000,,
0x180052670,,library,2,,0,0.0000,,
0x180052680,,library,2,,0,0.0000,,
0x180052690,,library,2,,0,0.0000,,
0x1800526a0,,library,2,,0,0.0000,,
0x1800526e0,,library,2,,0,0.0000,,
0x180052700,,library,2,,0,0.0000,,
0x180052710,,library,2,,0,0.0000,,
0x180052720,,library,2,,0,0.0000,,
0x180052730,,library,2,,0,0.0000,,
0x180052740,,library,2,,0,0.0000,,
0x180052750,,library,13,,0,0.0000,,
0x180052780,,library,2,,0,0.0000,,
0x1800527c0,,library,2,,0,0.0000,,
0x1800527d0,,library,2,,0,0.0000,,
0x1800527e0,,library,2,,0,0.0000,,
0x1800527f0,,library,2,,0,0.0000,,
0x180052800,,library,2,,0,0.0000,,
0x180052810,,library,2,,0,0.0000,,
0x180052820,,library,2,,0,0.0000,,
0x180052830,,library,2,,0,0.0000,,
0x180052be0,,library,2,,0,0.0000,,
0x180052d40,,library,2,,0,0.0000,,
0x180052d60,,library,2,,0,0.0000,,
0x180052d70,,library,2,,0,0.0000,,
0x180052db0,,library,2,,0,0.0000,,
0x180052dc0,,library,2,,0,0.0000,,
0x180052dd0,,library,2,,0,0.0000,,
0x180052de0,,library,2,,0,0.0000,,
0x180052df0,,library,2,,0,0.0000,,
0x180052e00,,library,2,,0,0.0000,,
0x180052e10,,library,13,,0,0.0000,,
0x180052e40,,library,2,,0,0.0000,,
0x180052e50,,library,13,,0,0.0000,,
0x180052e80,,library,13,,0,0.0000,,
0x180052eb0,,library,2,,0,0.0000,,
0x180052ec0,,library,2,,0,0.0000,,
0x180052ed0,,library,2,,0,0.0000,,
0x180052ee0,,library,2,,0,0.0000,,
0x180052ef0,,library,2,,0,0.0000,,
0x180052f20,,library,2,,0,0.0000,,
0x180052f30,,library,13,,0,0.0000,,
0x180052f60,,library,2,,0,0.0000,,
0x180052f70,,library,13,,0,0.0000,,
0x180052fa0,,library,2,,0,0.0000,,
0x180052fb0,,library,2,,0,0.0000,,
0x180052fc0,,library,2,,0,0.0000,,
0x180052fd0,,library,3,,0,0.0000,,
0x180052fe0,,library,13,,0,0.0000,,
0x180053010,,library,13,,0,0.0000,,
0x180053040,,library,2,,0,0.0000,,
0x180053050,,library,2,,0,0.0000,,
0x180053060,,library,2,,0,0.0000,,
0x180053070,,library,2,,0,0.0000,,
0x180053080,,library,2,,0,0.0000,,
0x180053090,,library,13,,0,0.0000,,
0x1800530c0,,library,9,,0,0.0000,,
0x1800530e0,,library,2,,0,0.0000,,
0x1800530f0,,library,9,,0,0.0000,,
0x180053110,,library,2,,0,0.0000,,
0x180053120,,library,13,,0,0.0000,,
0x180053150,,library,13,,0,0.0000,,
0x180053180,,library,2,,0,0.0000,,
0x180053190,,library,2,,0,0.0000,,
0x1800531a0,,library,2,,0,0.0000,,
0x1800531b0,,library,2,,0,0.0000,,
0x1800531c0,,library,2,,0,0.0000,,
0x1800531d0,,library,2,,0,0.0000,,
0x1800531e0,,library,2,,0,0.0000,,
0x1800531f0,,library,2,,0,0.0000,,
0x180053200,,library,2,,0,0.0000,,
0x180053210,,library,2,,0,0.0000,,
0x180053220,,library,2,,0,0.0000,,
0x180053230,,library,2,,0,0.0000,,
0x180053240,,library,2,,0,0.0000,,
0x180053250,,library,2,,0,0.0000,,
0x180053260,,library,2,,0,0.0000,,
0x180053270,,library,2,,0,0.0000,,
0x180053280,,library,2,,0,0.0000,,
0x180053290,,library,2,,0,0.0000,,
0x1800532a0,,library,2,,0,0.0000,,
0x1800532b0,,library,2,,0,0.0000,,
0x1800532c0,,library,2,,0,0.0000,,
0x1800532d0,,library,13,,0,0.0000,,
0x180053300,,library,2,,0,0.0000,,
0x180053310,,library,2,,0,0.0000,,
0x180053320,,library,2,,0,0.0000,,
0x180053330,,library,2,,0,0.0000,,
0x180053340,,library,2,,0,0.0000,,
0x180053350,,library,2,,0,0.0000,,
0x180053360,,library,2,,0,0.0000,,
0x180053370,,library,2,,0,0.0000,,
0x180053380,,library,2,,0,0.0000,,
0x180053390,,library,2,,0,0.0000,,
0x1800533a0,,library,2,,0,0.0000,,
0x1800533b0,,library,2,,0,0.0000,,
0x1800533c0,,library,2,,0,0.0000,,
0x1800533d0,,library,2,,0,0.0000,,
0x1800533e0,,library,2,,0,0.0000,,
0x1800533f0,,library,2,,0,0.0000,,
0x180053400,,library,2,,0,0.0000,,
0x180053410,,library,2,,0,0.0000,,
0x180053420,,library,13,,0,0.0000,,
0x180053450,,library,2,,0,0.0000,,
0x180053460,,library,2,,0,0.0000,,
0x180053470,,library,2,,0,0.0000,,
0x180053480,,library,2,,0,0.0000,,
0x180053490,,library,2,,0,0.0000,,
0x1800534a0,,library,2,,0,0.0000,,
0x1800534b0,,library,2,,0,0.0000,,
0x1800534c0,,library,2,,0,0.0000,,
0x1800534d0,,library,2,,0,0.0000,,
0x1800534e0,,library,13,,0,0.0000,,
0x180053510,,library,13,,0,0.0000,,
0x180053540,,library,2,,0,0.0000,,
0x180053550,,library,2,,0,0.0000,,
0x1800535a0,,library,2,,0,0.0000,,
0x1800535b0,,library,2,,0,0.0000,,
0x1800535c0,,library,2,,0,0.0000,,
0x1800535d0,,library,2,,0,0.0000,,
0x180053620,,library,3,,0,0.0000,,
0x180053640,,library,2,,0,0.0000,,
0x1800536b0,,library,2,,0,0.0000,,
0x1800536c0,,library,2,,0,0.0000,,
0x1800536d0,,library,2,,0,0.0000,,
0x1800536e0,,library,2,,0,0.0000,,
0x180053760,,library,2,,0,0.0000,,
0x1800537b0,,library,2,,0,0.0000,,
0x180053820,,library,2,,0,0.0000,,
0x180053850,,library,2,,0,0.0000,,
0x180053880,,library,2,,0,0.0000,,
0x180053890,,library,2,,0,0.0000,,
0x1800538a0,,library,2,,0,0.0000,,
0x1800538b0,,library,2,,0,0.0000,,
0x1800538c0,,library,2,,0,0.0000,,
0x1800538d0,,library,2,,0,0.0000,,
0x1800538e0,,library,2,,0,0.0000,,
0x180053950,,library,2,,0,0.0000,,
0x180053a30,,library,2,,0,0.0000,,
0x180053a40,,library,2,,0,0.0000,,
0x180053a80,,library,2,,0,0.0000,,
0x180053a90,,library,2,,0,0.0000,,
0x180053aa0,,library,2,,0,0.0000,,
0x180053ab0,,library,2,,0,0.0000,,
0x180053ac0,,library,2,,0,0.0000,,
0x180053ad0,,library,2,,0,0.0000,,
0x180053ae0,,library,2,,0,0.0000,,
0x180053af0,,library,2,,0,0.0000,,
0x180053b00,,library,13,,0,0.0000,,
0x180053b30,,library,2,,0,0.0000,,
0x180053b40,,library,2,,0,0.0000,,
0x180053b50,,library,2,,0,0.0000,,
0x180053b60,,library,2,,0,0.0000,,
0x180053b70,,library,2,,0,0.0000,,
0x180053b80,,library,2,,0,0.0000,,
0x180053e50,,library,2,,0,0.0000,,
0x180053e90,,library,2,,0,0.0000,,
0x180053ea0,,library,2,,0,0.0000,,
0x180053eb0,,library,2,,0,0.0000,,
0x180053f10,,library,2,,0,0.0000,,
0x180053f20,,library,2,,0,0.0000,,
0x180053f30,,library,2,,0,0.0000,,
0x180053f40,,library,2,,0,0.0000,,
0x180053f50,,library,2,,0,0.0000,,
0x180053f90,,library,2,,0,0.0000,,
0x180053fa0,,library,2,,0,0.0000,,
0x180053fb0,,library,2,,0,0.0000,,
0x180053fc0,,library,2,,0,0.0000,,
0x180053fd0,,library,2,,0,0.0000,,
0x180053fe0,,library,2,,0,0.0000,,
0x180053ff0,,library,2,,0,0.0000,,
0x180054000,,library,2,,0,0.0000,,
0x180054020,,library,2,,0,0.0000,,
0x180054030,,library,2,,0,0.0000,,
0x180054040,,library,2,,0,0.0000,,
0x180054050,,library,2,,0,0.0000,,
0x180054060,,library,2,,0,0.0000,,
0x180054070,,library,2,,0,0.0000,,
0x180054080,,library,2,,0,0.0000,,
0x180054090,,library,2,,0,0.0000,,
0x1800540a0,,library,2,,0,0.0000,,
0x1800540b0,,library,2,,0,0.0000,,
0x1800540c0,,library,2,,0,0.0000,,
0x1800540d0,,library,2,,0,0.0000,,
0x1800540e0,,library,2,,0,0.0000,,
0x1800540f0,,library,2,,0,0.0000,,
0x180054100,,library,2,,0,0.0000,,
0x180054110,,library,2,,0,0.0000,,
0x180054120,,library,2,,0,0.0000,,
0x180054130,,library,2,,0,0.0000,,
0x180054140,,library,2,,0,0.0000,,
0x180054150,,library,2,,0,0.0000,,
0x180054160,,library,2,,0,0.0000,,
0x180054170,,library,2,,0,0.0000,,
0x180054180,,library,2,,0,0.0000,,
0x180054190,,library,2,,0,0.0000,,
0x1800541a0,,library,2,,0,0.0000,,
0x1800541b0,,library,2,,0,0.0000,,
0x1800541c0,,library,2,,0,0.0000,,
0x1800541d0,,library,2,,0,0.0000,,
0x1800541e0,,library,2,,0,0.0000,,
0x1800541f0,,library,2,,0,0.0000,,
0x180054200,,library,2,,0,0.0000,,
0x180054210,,library,2,,0,0.0000,,
0x180054220,,library,2,,0,0.0000,,
0x180054230,,library,2,,0,0.0000,,
0x180054240,,library,2,,0,0.0000,,
0x180054250,,library,2,,0,0.0000,,
0x180054260,,library,2,,0,0.0000,,
0x180054270,,library,2,,0,0.0000,,
0x180054280,,library,2,,0,0.0000,,
0x180054290,,library,2,,0,0.0000,,
0x1800542a0,,library,2,,0,0.0000,,
0x1800542b0,,library,2,,0,0.0000,,
0x1800542c0,,library,2,,0,0.0000,,
0x1800542f0,,library,2,,0,0.0000,,
0x180054300,,library,2,,0,0.0000,,
0x180054340,,library,2,,0,0.0000,,
0x180054380,,library,3,,0,0.0000,,
0x1800543e0,,library,2,,0,0.0000,,
0x180054400,,library,2,,0,0.0000,,
0x180054410,,library,2,,0,0.0000,,
0x180054420,,library,3,,0,0.0000,,
0x180054430,,library,3,,0,0.0000,,
0x180054440,,library,3,,0,0.0000,,
0x180054460,,library,3,,0,0.0000,,
0x180054480,,library,2,,0,0.0000,,
0x180054490,,library,3,,0,0.0000,,
0x1800544a0,,library,3,,0,0.0000,,
0x1800544b0,,library,3,,0,0.0000,,
0x1800544d0,,library,3,,0,0.0000,,
0x1800544f0,,library,2,,0,0.0000,,
0x180054500,,library,3,,0,0.0000,,
0x180054520,,library,3,,0,0.0000,,
0x180054540,,library,9,,0,0.0000,,
0x180054560,,library,3,,0,0.0000,,
0x180054580,,library,3,,0,0.0000,,
0x1800545a0,,library,3,,0,0.0000,,
0x1800545c0,,library,3,,0,0.0000,,
0x1800545e0,,library,3,,0,0.0000,,
0x180054600,,library,3,,0,0.0000,,
0x180054610,,library,3,,0,0.0000,,
0x180054620,,library,3,,0,0.0000,,
0x180054630,,library,9,,0,0.0000,,
0x180054670,,library,2,,0,0.0000,,
0x180054680,,library,2,,0,0.0000,,
0x1800546a0,,library,2,,0,0.0000,,
0x1800546b0,,library,2,,0,0.0000,,
0x1800546c0,,library,2,,0,0.0000,,
0x1800546d0,,library,9,,0,0.0000,,
0x1800546f0,,library,2,,0,0.0000,,
0x180054700,,library,3,,0,0.0000,,
0x180054710,,library,3,,0,0.0000,,
0x180054720,,library,2,,0,0.0000,,
0x180054730,,library,2,,0,0.0000,,
0x180054810,,library,2,,0,0.0000,,
0x180054880,,library,2,,0,0.0000,,
0x180054890,,library,3,,0,0.0000,,
0x1800548a0,,library,2,,0,0.0000,,
0x1800548b0,,library,2,,0,0.0000,,
0x1800548c0,,library,2,,0,0.0000,,
0x1800548d0,,library,2,,0,0.0000,,
0x1800548e0,,library,2,,0,0.0000,,
0x1800548f0,,library,2,,0,0.0000,,
0x180054900,,library,2,,0,0.0000,,
0x180054910,,library,2,,0,0.0000,,
0x180054940,,library,2,,0,0.0000,,
0x180054950,,library,2,,0,0.0000,,
0x180054960,,library,2,,0,0.0000,,
0x180054970,,library,83,,0,0.0000,,
0x180054b70,,library,2,,0,0.0000,,
0x180054bd0,,library,2,,0,0.0000,,
0x180054be0,,library,2,,0,0.0000,,
0x180054bf0,,library,2,,0,0.0000,,
0x180054c00,,library,2,,0,0.0000,,
0x180054d30,,library,10,,0,0.0000,,
0x180054d70,,library,4,,0,0.0000,,
0x180054d84,,library,4,,0,0.0000,,
0x180054d95,,library,17,,0,0.0000,,
0x180054ddc,,library,7,,0,0.0000,,
0x180054dfb,,library,19,,0,0.0000,,
0x180054f70,,library,1,,0,0.0000,,
0x180054f80,,library,1,,0,0.0000,,
0x180055080,,library,2,,0,0.0000,,
0x180055090,,library,20,,0,0.0000,,
0x180001170,,library,19,19,1,1.0000,,icf
0x1800011e0,,library,3,3,1,1.0000,,string
0x180001200,,library,3,3,1,1.0000,,string
0x180001220,,library,19,19,1,1.0000,,icf
0x180001270,,library,85,85,1,1.0000,,icf
0x1800013a0,,plugin,30,30,1,1.0000,,icf
0x180001410,,plugin,82,82,1,1.0000,,icf
0x180001540,,plugin,13,13,1,1.0000,,icf
0x18000156b,,library,41,41,1,1.0000,,icf
0x1800015fe,,library,39,39,1,1.0000,,icf
0x180001670,,plugin,19,19,1,1.0000,,icf
0x1800016c1,,library,20,20,1,1.0000,,icf
0x18000170c,,library,7,7,1,1.0000,,icf
0x180001730,,plugin,27,27,1,1.0000,,icf
0x1800017a0,,library,14,14,1,1.0000,,icf
0x1800017d4,,library,18,18,1,1.0000,,icf
0x180001820,,plugin,70,70,1,1.0000,,icf
0x180001910,,library,34,34,1,1.0000,,icf
0x180001971,,library,76,76,1,1.0000,,icf
0x180001a6f,,library,221,221,1,1.0000,,icf
0x180001f29,,library,6,6,1,1.0000,,icf
0x180001f43,,library,1,1,1,1.0000,,icf
0x180001f49,,library,1,1,1,1.0000,,icf
0x180001f50,,library,30,30,1,1.0000,,icf
0x180001fc8,,library,33,33,1,1.0000,,icf
0x180002048,,library,12,12,1,1.0000,,icf
0x180002074,,library,23,23,1,1.0000,,icf
0x1800020c0,,library,30,30,1,1.0000,,icf
0x180002138,,library,33,33,1,1.0000,,icf
0x1800021b8,,library,12,12,1,1.0000,,icf
0x1800021e4,,library,37,37,1,1.0000,,icf
0x180002260,,library,30,30,1,1.0000,,icf
0x1800022d8,,library,33,33,1,1.0000,,icf
0x180002358,,library,12,12,1,1.0000,,icf
0x180002384,,library,13,13,1,1.0000,,icf
0x1800023c0,,library,27,27,1,1.0000,,icf
0x180002420,,library,24,24,1,1.0000,,icf
0x180002483,,library,1,1,1,1.0000,,icf
0x18000248b,,library,81,81,1,1.0000,,icf
0x1800025b7,,library,31,31,1,1.0000,,icf
0x18000263f,,library,3,3,1,1.0000,,icf
0x18000264b,,library,40,40,1,1.0000,,icf
0x1800026e6,,library,9,9,1,1.0000,,icf
0x180002710,,library,24,24,1,1.0000,,icf
0x180002773,,library,1,1,1,1.0000,,icf
0x18000277b,,library,100,100,1,1.0000,,icf
0x1800028e7,,library,30,30,1,1.0000,,icf
0x18000296f,,library,3,3,1,1.0000,,icf
0x18000297c,,library,40,40,1,1.0000,,icf
0x180002a17,,library,9,9,1,1.0000,,icf
0x180002a40,,library,62,62,1,1.0000,,icf
0x180002b0e,,library,90,90,1,1.0000,,icf
0x180002c47,,library,12,12,1,1.0000,,icf
0x180002c70,,library,169,169,1,1.0000,,icf
0x180002ed0,,library,62,62,1,1.0000,,icf
0x180002faa,,library,36,36,1,1.0000,,icf
0x180003026,,library,3,3,1,1.0000,,icf
0x180003032,,library,9,9,1,1.0000,,icf
0x180003058,,library,7,7,1,1.0000,,icf
0x180003070,,library,65,65,1,1.0000,,icf
0x18000315d,,library,44,44,1,1.0000,,icf
0x1800031fc,,library,7,7,1,1.0000,,icf
0x180003220,,library,32,32,1,1.0000,,icf
0x18000328e,,library,32,32,1,1.0000,,icf
0x18000330e,,library,9,9,1,1.0000,,icf
0x180003330,,library,27,27,1,1.0000,,icf
0x180003390,,library,52,52,1,1.0000,,icf
0x180003470,,library,27,27,1,1.0000,,icf
0x1800034e0,,library,12,12,1,1.0000,,icf
0x18000350a,,library,20,20,1,1.0000,,icf
0x18000354a,,library,8,8,1,1.0000,,icf
0x180003570,,library,62,62,1,1.0000,,icf
0x180003670,,library,175,175,1,1.0000,,icf
0x180005580,,library,6,6,1,1.0000,,icf
0x180005599,,library,45,45,1,1.0000,,icf
0x180005628,,library,1,1,1,1.0000,,icf
0x180005860,,library,20,20,1,1.0000,,icf
0x180005ca0,,library,20,20,1,1.0000,,icf
0x180006330,,library,37,37,1,1.0000,,icf
0x1800063b1,,library,46,46,1,1.0000,,icf
0x18000646f,,library,46,46,1,1.0000,,icf
0x180006510,,plugin,133,133,1,1.0000,,icf
0x180006740,,library,106,106,1,1.0000,,icf
0x180006c80,,library,105,105,1,1.0000,,icf
0x180006e20,,library,90,90,1,1.0000,,icf
0x180006f90,,library,11,11,1,1.0000,,icf
0x180006fb3,,library,227,227,1,1.0000,,icf
0x1800072ca,,library,6,6,1,1.0000,,icf
0x1800072d5,,library,44,44,1,1.0000,,icf
0x180007380,,plugin,11,11,1,1.0000,,icf
0x1800073a4,,library,86,86,1,1.0000,,icf
0x1800074e0,,library,5,5,1,1.0000,,icf
0x1800074e9,,library,2,2,1,1.0000,,icf
0x180007500,,library,15,15,1,1.0000,,icf
0x180007535,,library,108,108,1,1.0000,,icf
0x1800076d0,,library,8,8,1,1.0000,,icf
0x1800076f7,,library,2,2,1,1.0000,,icf
0x180007704,,library,2,2,1,1.0000,,icf
0x180007720,,plugin,15,15,1,1.0000,,icf
0x180007758,,library,76,76,1,1.0000,,icf
0x180007862,,library,1,1,1,1.0000,,icf
0x180007870,,plugin,13,13,1,1.0000,,icf
0x18000789e,,library,78,78,1,1.0000,,icf
0x1800079b6,,library,1,1,1,1.0000,,icf
0x1800079c0,,plugin,13,13,1,1.0000,,icf
0x1800079ee,,library,74,74,1,1.0000,,icf
0x180007afd,,library,1,1,1,1.0000,,icf
0x180007b03,,library,1,1,1,1.0000,,icf
0x180007b10,,plugin,13,13,1,1.0000,,icf
0x180007b40,,library,72,72,1,1.0000,,icf
0x180007c43,,library,1,1,1,1.0000,,icf
0x180007c49,,library,1,1,1,1.0000,,icf
0x180007c50,,library,13,13,1,1.0000,,icf
0x180007c7d,,library,86,86,1,1.0000,,icf
0x180007dc2,,library,1,1,1,1.0000,,icf
0x180007ef6,,library,1,1,1,1.0000,,icf
0x180007f00,,plugin,112,112,1,1.0000,,icf
0x1800085c0,,library,10,10,1,1.0000,,icf
0x1800085e4,,library,14,14,1,1.0000,,icf
0x180008613,,library,15,15,1,1.0000,,icf
0x180008650,,library,8,8,1,1.0000,,icf
0x180008669,,library,42,42,1,1.0000,,icf
0x1800086f3,,library,6,6,1,1.0000,,icf
0x18000870d,,library,1,1,1,1.0000,,icf
0x180008713,,library,1,1,1,1.0000,,icf
0x180008720,,plugin,8,8,1,1.0000,,icf
0x180008740,,library,69,69,1,1.0000,,icf
0x18000883d,,library,8,8,1,1.0000,,icf
0x180008858,,library,6,6,1,1.0000,,icf
0x18000886e,,library,1,1,1,1.0000,,icf
0x180008874,,library,1,1,1,1.0000,,icf
0x180008880,,library,10,10,1,1.0000,,icf
0x1800088a7,,library,87,87,1,1.0000,,icf
0x1800089e1,,library,8,8,1,1.0000,,icf
0x1800089fc,,library,6,6,1,1.0000,,icf
0x180008a16,,library,1,1,1,1.0000,,icf
0x180008a1c,,library,1,1,1,1.0000,,icf
0x180009730,,library,11,11,1,1.0000,,icf
0x180009756,,library,20,20,1,1.0000,,icf
0x18000979a,,library,8,8,1,1.0000,,icf
0x1800097c0,,library,14,14,1,1.0000,,icf
0x1800097ec,,library,69,69,1,1.0000,,icf
0x1800098c7,,library,33,33,1,1.0000,,icf
0x180009930,,library,14,14,1,1.0000,,icf
0x18000995c,,library,69,69,1,1.0000,,icf
0x180009a37,,library,33,33,1,1.0000,,icf
0x180009aa0,,library,14,14,1,1.0000,,icf
0x180009acc,,library,69,69,1,1.0000,,icf
0x180009ba7,,library,33,33,1,1.0000,,icf
0x180009c10,,library,14,14,1,1.0000,,icf
0x180009c3c,,library,69,69,1,1.0000,,icf
0x180009d17,,library,33,33,1,1.0000,,icf
0x180009d80,,library,14,14,1,1.0000,,icf
0x180009dac,,library,69,69,1,1.0000,,icf
0x180009e87,,library,33,33,1,1.0000,,icf
0x180009ef0,,library,134,134,1,1.0000,,icf
0x18000a0b0,,library,137,137,1,1.0000,,icf
0x18000a280,,library,9,9,1,1.0000,,icf
0x18000a2a3,,library,23,23,1,1.0000,,icf
0x18000a2f6,,library,366,366,1,1.0000,,icf
0x18000a850,,library,7,7,1,1.0000,,icf
0x18000a875,,library,18,18,1,1.0000,,icf
0x18000a8c0,,library,106,106,1,1.0000,,icf
0x18000c0f0,,library,57,57,1,1.0000,,icf
0x18000c1af,,library,52,52,1,1.0000,,icf
0x18000c266,,library,11,11,1,1.0000,,icf
0x18000c290,,library,3,3,1,1.0000,,icf
0x18000c298,,library,6,6,1,1.0000,,icf
0x18000c2ab,,library,21,21,1,1.0000,,icf
0x18000c2fe,,library,3,3,1,1.0000,,icf
0x18000c308,,library,14,14,1,1.0000,,icf
0x18000c330,,library,67,67,1,1.0000,,icf
0x18000c440,,library,40,40,1,1.0000,,icf
0x18000caa0,,library,39,39,1,1.0000,,icf
0x18000cb32,,library,71,71,1,1.0000,,icf
0x18000cc45,,library,7,7,1,1.0000,,icf
0x18000d020,,library,83,83,1,1.0000,,icf
0x18000d6e0,,library,28,28,1,1.0000,,icf
0x18000d760,,library,37,37,1,1.0000,,icf
0x18000d810,,plugin,32,32,1,1.0000,,icf
0x18000daf0,,plugin,130,130,1,1.0000,,icf
0x18000ebf0,,plugin,5,5,1,1.0000,,icf
0x18000ec01,,library,10,10,1,1.0000,,icf
0x18000ec2d,,library,36,36,1,1.0000,,icf
0x18000ecc6,,library,7,7,1,1.0000,,icf
0x18000ece2,,library,10,10,1,1.0000,,icf
0x18000ed03,,library,9,9,1,1.0000,,icf
0x18000ed40,,plugin,147,147,1,1.0000,,icf
0x18000f3c0,,plugin,158,158,1,1.0000,,icf
0x18000f740,,plugin,21,21,1,1.0000,,icf
0x18000f792,,library,18,18,1,1.0000,,icf
0x18000f7d9,,library,9,9,1,1.0000,,icf
0x18000f800,,plugin,147,147,1,1.0000,,icf
0x18000fa60,,plugin,47,47,1,1.0000,,icf
0x18000fca0,,plugin,51,51,1,1.0000,,icf
0x18000fdb0,,library,59,59,1,1.0000,,icf
0x1800100c0,,library,17,17,1,1.0000,,icf
0x180010100,,library,17,17,1,1.0000,,icf
0x180010140,,plugin,7,7,1,1.0000,,string
0x180010170,,library,17,17,1,1.0000,,icf
0x1800101b0,,plugin,7,7,1,1.0000,,string
0x180010220,,library,17,17,1,1.0000,,icf
0x180010260,,library,19,19,1,1.0000,,icf
0x1800102b0,,library,17,17,1,1.0000,,icf
0x180010450,,library,1,1,1,1.0000,,callgraph
0x1800104f0,,library,9,9,1,1.0000,,icf
0x180010510,,library,14,14,1,1.0000,,icf
0x180010540,,library,15,15,1,1.0000,,icf
0x180010590,,library,9,9,1,1.0000,,icf
0x1800105b0,,library,5,5,1,1.0000,,icf
0x1800105be,,library,20,20,1,1.0000,,icf
0x180010609,,library,3,3,1,1.0000,,icf
0x180010610,,library,16,16,1,1.0000,,icf
0x180010650,,library,21,21,1,1.0000,,icf
0x180010690,,plugin,32,32,1,1.0000,,icf
0x180010720,,library,3,3,1,1.0000,,icf
0x180010730,,library,3,3,1,1.0000,,icf
0x180010740,,library,16,16,1,1.0000,,icf
0x1800107f0,,plugin,7,7,1,1.0000,,icf
0x180010920,,plugin,33,33,1,1.0000,,icf
0x180010a30,,library,34,34,1,1.0000,,icf
0x180010ad0,,library,6,6,1,1.0000,,icf
0x180010b00,,library,4,4,1,1.0000,,icf
0x180010bf0,,library,16,16,1,1.0000,,icf
0x180010cd0,,plugin,34,34,1,1.0000,,icf
0x180010d50,,plugin,45,45,1,1.0000,,icf
0x180010df0,,plugin,6,6,1,1.0000,,icf
0x180010e06,,library,59,59,1,1.0000,,icf
0x180010ef3,,library,4,4,1,1.0000,,icf
0x180010efd,,library,18,18,1,1.0000,,icf
0x180010f40,,plugin,9,9,1,1.0000,,icf
0x180010f60,,plugin,9,9,1,1.0000,,icf
0x180010f80,,library,234,234,1,1.0000,,icf
0x1800112c0,,library,33,33,1,1.0000,,icf
0x180011330,,library,8,8,1,1.0000,,icf
0x180011349,,library,6,6,1,1.0000,,icf
0x18001135d,,library,19,19,1,1.0000,,icf
0x1800113a5,,library,4,4,1,1.0000,,icf
0x1800113b3,,library,39,39,1,1.0000,,icf
0x180011430,,library,270,270,1,1.0000,,icf
0x1800117b0,,library,158,158,1,1.0000,,icf
0x1800119b0,,library,172,172,1,1.0000,,icf
0x180011be0,,library,172,172,1,1.0000,,icf
0x180012a40,,library,7,7,1,1.0000,,icf
0x180012bb0,,library,68,68,1,1.0000,,rtti
0x180012cc0,,library,19,19,1,1.0000,,rtti
0x180012d10,,library,21,21,1,1.0000,,rtti
0x180012d60,,library,25,25,1,1.0000,,rtti
0x180012dc0,,library,11,11,1,1.0000,,rtti
0x180012df0,,library,2,2,1,1.0000,,rtti
0x180012df6,,library,9,9,1,1.0000,,icf
0x180012e18,,library,13,13,1,1.0000,,icf
0x180012e41,,library,6,6,1,1.0000,,icf
0x180012e5b,,library,7,7,1,1.0000,,icf
0x180012e80,,library,13,13,1,1.0000,,rtti
0x180012eb0,,library,13,13,1,1.0000,,rtti
0x180012ee0,,library,2,2,1,1.0000,,rtti
0x180012ee6,,library,9,9,1,1.0000,,icf
0x180012f08,,library,28,28,1,1.0000,,icf
0x180012f6b,,library,6,6,1,1.0000,,icf
0x180012f85,,library,7,7,1,1.0000,,icf
0x180012fa0,,library,13,13,1,1.0000,,rtti
0x180012fd0,,library,13,13,1,1.0000,,rtti
0x1800130a0,,plugin,13,13,1,1.0000,,icf
0x1800130d0,,library,4,4,1,1.0000,,icf
0x1800140c0,,plugin,29,29,1,1.0000,,icf
0x180015890,,plugin,22,22,1,1.0000,,icf
0x180015930,,plugin,6,6,1,1.0000,,icf
0x180015948,,library,62,62,1,1.0000,,icf
0x180015a0f,,library,1,1,1,1.0000,,icf
0x180015b50,,plugin,20,20,1,1.0000,,icf
0x180015b9c,,library,27,27,1,1.0000,,icf
0x180015bfd,,library,4,4,1,1.0000,,icf
0x180015c07,,library,6,6,1,1.0000,,icf
0x180016344,,library,7,7,1,1.0000,,icf
0x180016360,,library,6,6,1,1.0000,,icf
0x180016380,,library,6,6,1,1.0000,,icf
0x1800163a0,,library,22,22,1,1.0000,,icf
0x180016400,,library,6,6,1,1.0000,,icf
0x180016480,,library,21,21,1,1.0000,,icf
0x1800164e0,,plugin,21,21,1,1.0000,,icf
0x180016540,,plugin,77,77,1,1.0000,,icf
0x180016650,,library,14,14,1,1.0000,,icf
0x18001667c,,library,24,24,1,1.0000,,icf
0x1800166d6,,library,20,20,1,1.0000,,icf
0x180016713,,library,9,9,1,1.0000,,icf
0x180016731,,library,52,52,1,1.0000,,icf
0x1800167d8,,library,4,4,1,1.0000,,icf
0x1800167e8,,library,8,8,1,1.0000,,icf
0x180016810,,library,5,5,1,1.0000,,rtti
0x180016820,,library,16,16,1,1.0000,,icf
0x180016db0,,plugin,6,6,1,1.0000,,icf
0x180016dcb,,library,102,102,1,1.0000,,icf
0x180016f30,,library,9,9,1,1.0000,,icf
0x180017100,,plugin,27,27,1,1.0000,,icf
0x180017150,,plugin,155,155,1,1.0000,,icf
0x180017410,,plugin,187,187,1,1.0000,,icf
0x1800176a0,,plugin,142,142,1,1.0000,,icf
0x180017950,,plugin,80,80,1,1.0000,,icf
0x180017a60,,plugin,32,32,1,1.0000,,icf
0x180017aca,,library,36,36,1,1.0000,,icf
0x180017b43,,library,14,14,1,1.0000,,icf
0x180017b80,,library,2,2,1,1.0000,,rtti
0x180017b90,,library,3,3,1,1.0000,,rtti
0x180017ba0,,plugin,80,80,1,1.0000,,icf
0x180017ec0,,plugin,19,19,1,1.0000,,icf
0x180017f0e,,library,2,2,1,1.0000,,icf
0x180017f15,,library,59,59,1,1.0000,,icf
0x180017ff0,,library,3,3,1,1.0000,,icf
0x180017ffd,,library,6,6,1,1.0000,,icf
0x180018011,,library,86,86,1,1.0000,,icf
0x180018129,,library,1,1,1,1.0000,,icf
0x180018130,,plugin,23,23,1,1.0000,,icf
0x180018170,,plugin,16,16,1,1.0000,,icf
0x1800181b0,,plugin,5,5,1,1.0000,,icf
0x180018940,,library,2,2,1,1.0000,,rtti
0x180018950,,plugin,28,28,1,1.0000,,icf
0x1800189b0,,library,39,39,1,1.0000,,icf
0x180018a60,,library,11,11,1,1.0000,,icf
0x180018a87,,library,20,20,1,1.0000,,icf
0x180018acb,,library,7,7,1,1.0000,,icf
0x180018af0,,plugin,14,14,1,1.0000,,icf
0x180018b23,,library,67,67,1,1.0000,,icf
0x180018bfd,,library,36,36,1,1.0000,,icf
0x180018c7e,,library,8,8,1,1.0000,,icf
0x180018c9d,,library,8,8,1,1.0000,,icf
0x180018d30,,plugin,61,61,1,1.0000,,icf
0x180018f47,,library,102,102,1,1.0000,,icf
0x1800191d0,,plugin,6,6,1,1.0000,,icf
0x1800191f0,,plugin,6,6,1,1.0000,,icf
0x180019210,,library,7,7,1,1.0000,,icf
0x180019240,,plugin,12,12,1,1.0000,,icf
0x180019280,,plugin,12,12,1,1.0000,,icf
0x1800192c0,,plugin,12,12,1,1.0000,,icf
0x1800192e6,,library,21,21,1,1.0000,,icf
0x18001932f,,library,5,5,1,1.0000,,icf
0x180019340,,library,32,32,1,1.0000,,icf
0x1800193b0,,plugin,33,33,1,1.0000,,icf
0x180019420,,plugin,30,30,1,1.0000,,icf
0x180019880,,plugin,3,3,1,1.0000,,icf
0x1800198a0,,plugin,3,3,1,1.0000,,icf
0x1800198e0,,library,68,68,1,1.0000,,icf
0x18001a880,,library,32,32,1,1.0000,,icf
0x18001ae40,,library,54,54,1,1.0000,,icf
0x18001af10,,library,8,8,1,1.0000,,icf
0x18001af30,,library,11,11,1,1.0000,,icf
0x18001af50,,library,23,23,1,1.0000,,icf
0x18001afb0,,plugin,11,11,1,1.0000,,icf
0x18001afd3,,library,18,18,1,1.0000,,icf
0x18001b012,,library,10,10,1,1.0000,,icf
0x18001b040,,plugin,10,10,1,1.0000,,icf
0x18001b05f,,library,19,19,1,1.0000,,icf
0x18001b0a3,,library,9,9,1,1.0000,,icf
0x18001b0d0,,plugin,25,25,1,1.0000,,icf
0x18001b12b,,library,40,40,1,1.0000,,icf
0x18001b1ba,,library,8,8,1,1.0000,,icf
0x18001b1d0,,library,6,6,1,1.0000,,icf
0x18001b1ea,,library,1,1,1,1.0000,,icf
0x18001b1f0,,plugin,79,79,1,1.0000,,icf
0x18001b3a0,,library,21,21,1,1.0000,,icf
0x18001b400,,library,21,21,1,1.0000,,icf
0x18001b460,,plugin,22,22,1,1.0000,,icf
0x18001b4c0,,library,21,21,1,1.0000,,icf
0x18001b5a0,,library,4,4,1,1.0000,,rtti
0x18001b600,,library,2,2,1,1.0000,,rtti
0x18001b6b0,,library,5,5,1,1.0000,,rtti
0x18001b6d0,,library,7,7,1,1.0000,,icf
0x18001b6f0,,library,2,2,1,1.0000,,rtti
0x18001b900,,library,10,10,1,1.0000,,rtti
0x18001b920,,library,23,23,1,1.0000,,rtti
0x18001bee0,,plugin,15,15,1,1.0000,,icf
0x18001bf12,,library,45,45,1,1.0000,,icf
0x18001bfa3,,library,12,12,1,1.0000,,icf
0x18001bfd0,,library,5,5,1,1.0000,,icf
0x18001bfdf,,library,6,6,1,1.0000,,icf
0x18001bff5,,library,20,20,1,1.0000,,icf
0x18001c040,,plugin,631,631,1,1.0000,,icf
0x18001c970,,plugin,474,474,1,1.0000,,string
0x18001d4f0,,plugin,5,5,1,1.0000,,icf
0x18001d570,,library,48,48,1,1.0000,,rtti
0x18001d630,,library,2,2,1,1.0000,,rtti
0x18001d640,,library,2,2,1,1.0000,,rtti
0x18001daa0,,plugin,24,24,1,1.0000,,icf
0x18001daeb,,library,7,7,1,1.0000,,icf
0x18001db0f,,library,26,26,1,1.0000,,icf
0x18001db68,,library,38,38,1,1.0000,,icf
0x18001dbf2,,library,1,1,1,1.0000,,icf
0x18001dc00,,plugin,25,25,1,1.0000,,icf
0x18001dc4e,,library,65,65,1,1.0000,,icf
0x18001dd47,,library,1,1,1,1.0000,,icf
0x18001dd4d,,library,1,1,1,1.0000,,icf
0x18001dd60,,plugin,157,157,1,1.0000,,icf
0x18001dfc0,,plugin,13,13,1,1.0000,,icf
0x18001e160,,plugin,9,9,1,1.0000,,icf
0x18001e17b,,library,63,63,1,1.0000,,icf
0x18001e268,,library,5,5,1,1.0000,,icf
0x18001e270,,library,1,1,1,1.0000,,icf
0x18001e280,,plugin,12,12,1,1.0000,,icf
0x18001e2a8,,library,22,22,1,1.0000,,icf
0x18001e2f6,,library,8,8,1,1.0000,,icf
0x18001e320,,plugin,45,45,1,1.0000,,icf
0x18001e72c,,library,1,1,1,1.0000,,icf
0x18001e910,,library,65,65,1,1.0000,,icf
0x18001e9ff,,library,32,32,1,1.0000,,icf
0x18001ea72,,library,7,7,1,1.0000,,icf
0x18001eb00,,plugin,124,124,1,1.0000,,icf
0x18001ece0,,plugin,129,129,1,1.0000,,icf
0x18001eee0,,plugin,5,5,1,1.0000,,rtti
0x18001ef00,,plugin,115,115,1,1.0000,,icf
0x18001f390,,library,11,11,1,1.0000,,icf
0x18001fad0,,plugin,125,125,1,1.0000,,icf
0x18001fce0,,plugin,33,33,1,1.0000,,icf
0x18001fd60,,plugin,34,34,1,1.0000,,icf
0x1800203b0,,library,123,123,1,1.0000,,icf
0x180020590,,library,6,6,1,1.0000,,icf
0x1800205a2,,library,27,27,1,1.0000,,icf
0x180020600,,library,1,1,1,1.0000,,icf
0x180020764,,library,1,1,1,1.0000,,icf
0x18002076a,,library,1,1,1,1.0000,,icf
0x180020770,,library,22,22,1,1.0000,,icf
0x1800207d0,,library,21,21,1,1.0000,,icf
0x180020815,,library,11,11,1,1.0000,,icf
0x180020839,,library,25,25,1,1.0000,,icf
0x1800208a0,,library,7,7,1,1.0000,,icf
0x1800208bc,,library,52,52,1,1.0000,,icf
0x180020968,,library,6,6,1,1.0000,,icf
0x180020982,,library,1,1,1,1.0000,,icf
0x180020988,,library,1,1,1,1.0000,,icf
0x180020990,,plugin,64,64,1,1.0000,,icf
0x180020d30,,library,25,25,1,1.0000,,icf
0x180020da0,,library,20,20,1,1.0000,,icf
0x180020dde,,library,9,9,1,1.0000,,icf
0x180020e02,,library,10,10,1,1.0000,,icf
0x1800234a0,,plugin,130,130,1,1.0000,,icf
0x1800236a0,,library,22,22,1,1.0000,,icf
0x180023720,,library,6,6,1,1.0000,,icf
0x180023740,,library,33,33,1,1.0000,,icf
0x1800237b0,,library,18,18,1,1.0000,,icf
0x1800237f0,,library,16,16,1,1.0000,,icf
0x180023830,,library,7,7,1,1.0000,,icf
0x180023860,,library,10,10,1,1.0000,,icf
0x180023883,,library,12,12,1,1.0000,,icf
0x1800238b6,,library,6,6,1,1.0000,,icf
0x1800238d0,,library,5,5,1,1.0000,,icf
0x1800238df,,library,16,16,1,1.0000,,icf
0x180023915,,library,3,3,1,1.0000,,icf
0x180023920,,library,15,15,1,1.0000,,icf
0x180023970,,library,9,9,1,1.0000,,icf
0x1800239a0,,library,11,11,1,1.0000,,icf
0x1800239d0,,plugin,7,7,1,1.0000,,icf
0x1800239e5,,library,16,16,1,1.0000,,icf
0x180023a20,,library,23,23,1,1.0000,,icf
0x180023a95,,library,16,16,1,1.0000,,icf
0x180023ad1,,library,23,23,1,1.0000,,icf
0x180023b20,,library,13,13,1,1.0000,,icf
0x180023c70,,plugin,46,46,1,1.0000,,icf
0x180023d10,,library,22,22,1,1.0000,,icf
0x180023de0,,library,5,5,1,1.0000,,icf
0x180023df0,,plugin,47,47,1,1.0000,,icf
0x1800257d0,,plugin,8,8,1,1.0000,,icf
0x1800257f0,,plugin,152,152,1,1.0000,,icf
0x180025a00,,library,39,39,1,1.0000,,rtti
0x180025a90,,library,13,13,1,1.0000,,rtti
0x180025ac0,,library,13,13,1,1.0000,,rtti
0x180025af0,,library,23,23,1,1.0000,,rtti
0x180025b40,,library,32,32,1,1.0000,,rtti
0x180027d10,,library,3,3,1,1.0000,,rtti
0x18002a8b0,,plugin,14,14,1,1.0000,,icf
0x18002c640,,library,16,16,1,1.0000,,icf
0x18002c682,,library,1,1,1,1.0000,,icf
0x18002c687,,library,20,20,1,1.0000,,icf
0x18002c6d3,,library,9,9,1,1.0000,,icf
0x18002c6ef,,library,8,8,1,1.0000,,icf
0x18002c760,,plugin,13,13,1,1.0000,,icf
0x18002c787,,library,22,22,1,1.0000,,icf
0x18002c7dd,,library,28,28,1,1.0000,,icf
0x18002c850,,library,6,6,1,1.0000,,rtti
0x18002c870,,library,6,6,1,1.0000,,rtti
0x18002c8b0,,library,6,6,1,1.0000,,rtti
0x18002c8d0,,library,6,6,1,1.0000,,rtti
0x18002c8f0,,library,6,6,1,1.0000,,rtti
0x18002c910,,library,6,6,1,1.0000,,rtti
0x18002c930,,library,6,6,1,1.0000,,rtti
0x18002c950,,library,6,6,1,1.0000,,rtti
0x18002ca30,,library,6,6,1,1.0000,,icf
0x18002ca50,,library,6,6,1,1.0000,,icf
0x18002caa0,,library,6,6,1,1.0000,,icf
0x18002cac0,,library,4,4,1,1.0000,,icf
0x18002cad0,,library,4,4,1,1.0000,,icf
0x18002cae0,,library,4,4,1,1.0000,,icf
0x18002cb20,,library,16,16,1,1.0000,,icf
0x18002cba0,,library,6,6,1,1.0000,,rtti
0x18002cbc0,,library,16,16,1,1.0000,,rtti
0x18002cc00,,library,4,4,1,1.0000,,rtti
0x18002cc10,,library,3,3,1,1.0000,,rtti
0x18002cc30,,library,108,108,1,1.0000,,rtti
0x18002cdf0,,library,15,15,1,1.0000,,rtti
0x18002ce40,,library,28,28,1,1.0000,,rtti
0x18002ceb0,,library,46,46,1,1.0000,,rtti
0x18002cf70,,library,18,18,1,1.0000,,rtti
0x18002d4f0,,plugin,12,12,1,1.0000,,icf
0x18002d520,,library,24,24,1,1.0000,,icf
0x18002d582,,library,130,130,1,1.0000,,icf
0x18002d786,,library,8,8,1,1.0000,,icf
0x18002d7a2,,library,2,2,1,1.0000,,icf
0x18002d900,,library,2,2,1,1.0000,,rtti
0x18002d910,,library,2,2,1,1.0000,,rtti
0x18002d920,,library,2,2,1,1.0000,,rtti
0x18002d930,,library,2,2,1,1.0000,,rtti
0x18002d940,,library,2,2,1,1.0000,,rtti
0x18002d950,,library,2,2,1,1.0000,,rtti
0x18002d960,,library,2,2,1,1.0000,,rtti
0x18002d970,,library,2,2,1,1.0000,,rtti
0x18002d980,,library,2,2,1,1.0000,,rtti
0x18002da50,,library,37,37,1,1.0000,,icf
0x18002dce0,,plugin,3,3,1,1.0000,,icf
0x18002dd00,,library,1,1,1,1.0000,,rtti
0x18002de00,,plugin,8,8,1,1.0000,,icf
0x18002de1e,,library,11,11,1,1.0000,,icf
0x18002de44,,library,5,5,1,1.0000,,icf
0x18002de57,,library,12,12,1,1.0000,,icf
0x18002de86,,library,12,12,1,1.0000,,icf
0x18002debd,,library,3,3,1,1.0000,,icf
0x18002ded0,,library,21,21,1,1.0000,,icf
0x18002e180,,plugin,8,8,1,1.0000,,icf
0x18002e228,,library,11,11,1,1.0000,,icf
0x18002e390,,plugin,6,6,1,1.0000,,icf
0x18002e3e0,,plugin,1,1,1,1.0000,,callgraph
0x18002e420,,plugin,4,4,1,1.0000,,icf
0x18002e430,,plugin,3,3,1,1.0000,,icf
0x18002e440,,library,4,4,1,1.0000,,icf
0x18002e450,,plugin,4,4,1,1.0000,,icf
0x18002e460,,plugin,1,1,1,1.0000,,callgraph
0x18002e4a0,,plugin,6,6,1,1.0000,,icf
0x18002e4c0,,plugin,6,6,1,1.0000,,icf
0x18002e500,,plugin,116,116,1,1.0000,,icf
0x18002e6b0,,plugin,57,57,1,1.0000,,icf
0x18002e790,,library,15,15,1,1.0000,,icf
0x18002e7c0,,library,15,15,1,1.0000,,icf
0x18002e7f0,,library,19,19,1,1.0000,,icf
0x18002e84c,,library,3,3,1,1.0000,,rtti
0x18002e860,,library,32,32,1,1.0000,,icf
0x18002e8f0,,library,16,16,1,1.0000,,rtti
0x18002e930,,plugin,283,283,1,1.0000,,icf
0x18002edf0,,library,110,110,1,1.0000,,rtti
0x18002ef90,,library,42,42,1,1.0000,,rtti
0x18002f030,,library,137,137,1,1.0000,,rtti
0x18002f1e0,,library,65,65,1,1.0000,,rtti
0x18002f2a6,,library,24,24,1,1.0000,,icf
0x18002f2f9,,library,14,14,1,1.0000,,icf
0x18002f330,,library,55,55,1,1.0000,,rtti
0x18002f400,,plugin,21,21,1,1.0000,,icf
0x18002f447,,library,52,52,1,1.0000,,string
0x18002f51d,,library,6,6,1,1.0000,,icf
0x18002f530,,library,57,57,1,1.0000,,icf
0x18002f600,,library,43,43,1,1.0000,,icf
0x18002f6a0,,library,67,67,1,1.0000,,icf
0x18002f780,,library,114,114,1,1.0000,,icf
0x18002f920,,library,9,9,1,1.0000,,icf
0x18002f93f,,library,17,17,1,1.0000,,icf
0x18002f986,,library,5,5,1,1.0000,,icf
0x18002f9a0,,library,13,13,1,1.0000,,icf
0x18002f9ce,,library,32,32,1,1.0000,,icf
0x18002fa4a,,library,6,6,1,1.0000,,icf
0x18002fa56,,library,5,5,1,1.0000,,icf
0x18002fa70,,plugin,8,8,1,1.0000,,icf
0x18002fa8e,,library,56,56,1,1.0000,,icf
0x18002fb44,,library,60,60,1,1.0000,,icf
0x18002fc00,,plugin,84,84,1,1.0000,,icf
0x18002fd4a,,library,13,13,1,1.0000,,icf
0x18002fd83,,library,23,23,1,1.0000,,icf
0x18002fde0,,plugin,64,64,1,1.0000,,icf
0x18002fed0,,library,13,13,1,1.0000,,icf
0x18002fefd,,library,90,90,1,1.0000,,icf
0x180030060,,library,1,1,1,1.0000,,icf
0x180030070,,plugin,289,289,1,1.0000,,icf
0x180030460,,library,6,6,1,1.0000,,icf
0x180030472,,library,20,20,1,1.0000,,icf
0x1800304b7,,library,2,2,1,1.0000,,icf
0x1800304c0,,library,53,53,1,1.0000,,icf
0x180030580,,plugin,27,27,1,1.0000,,icf
0x180030600,,plugin,74,74,1,1.0000,,icf
0x180030720,,plugin,127,127,1,1.0000,,icf
0x180030930,,library,141,141,1,1.0000,,icf
0x180030b90,,plugin,140,140,1,1.0000,,icf
0x180030df0,,library,36,36,1,1.0000,,icf
0x180030e80,,library,80,80,1,1.0000,,icf
0x180030fb0,,library,17,17,1,1.0000,,icf
0x180030ff0,,library,19,19,1,1.0000,,icf
0x180031040,,library,17,17,1,1.0000,,rtti
0x180031080,,library,17,17,1,1.0000,,icf
0x1800310c0,,library,6,6,1,1.0000,,icf
0x1800310e0,,library,6,6,1,1.0000,,icf
0x180031100,,library,4,4,1,1.0000,,icf
0x180031110,,plugin,47,47,1,1.0000,,icf
0x1800311e0,,library,55,55,1,1.0000,,icf
0x1800312c0,,library,12,12,1,1.0000,,icf
0x180031309,,library,23,23,1,1.0000,,icf
0x180031363,,library,24,24,1,1.0000,,icf
0x1800313c0,,library,27,27,1,1.0000,,icf
0x180031450,,library,19,19,1,1.0000,,icf
0x18003149b,,library,19,19,1,1.0000,,icf
0x1800314e0,,library,15,15,1,1.0000,,icf
0x180031520,,library,19,19,1,1.0000,,icf
0x180031580,,library,49,49,1,1.0000,,icf
0x180031620,,library,19,19,1,1.0000,,icf
0x18003167c,,library,6,6,1,1.0000,,rtti
0x1800316a0,,library,16,16,1,1.0000,,rtti
0x1800316e0,,library,32,32,1,1.0000,,icf
0x180031770,,library,32,32,1,1.0000,,icf
0x180031800,,library,16,16,1,1.0000,,rtti
0x180031840,,library,25,25,1,1.0000,,rtti
0x1800318a0,,library,789,789,1,1.0000,,icf
0x180032480,,library,121,121,1,1.0000,,icf
0x180032670,,library,478,478,1,1.0000,,string
0x180032ed0,,library,13,13,1,1.0000,,icf
0x180032eff,,library,109,109,1,1.0000,,icf
0x18003309b,,library,10,10,1,1.0000,,icf
0x1800330c0,,library,254,254,1,1.0000,,icf
0x180033460,,library,100,100,1,1.0000,,icf
0x180033600,,library,112,112,1,1.0000,,icf
0x1800337c0,,library,13,13,1,1.0000,,icf
0x1800337e8,,library,23,23,1,1.0000,,icf
0x180033842,,library,29,29,1,1.0000,,icf
0x1800338b0,,plugin,12,12,1,1.0000,,icf
0x1800338e5,,library,26,26,1,1.0000,,icf
0x180033944,,library,17,17,1,1.0000,,icf
0x180033983,,library,7,7,1,1.0000,,icf
0x1800339a0,,library,29,29,1,1.0000,,icf
0x180033a00,,library,143,143,1,1.0000,,icf
0x180033c00,,library,5,5,1,1.0000,,rtti
0x180033c20,,library,221,221,1,1.0000,,string
0x180033f60,,library,17,17,1,1.0000,,icf
0x180033fa0,,library,19,19,1,1.0000,,icf
0x180034000,,library,3,3,1,1.0000,,string
0x180034020,,library,5,5,1,1.0000,,rtti
0x180034040,,library,3,3,1,1.0000,,string
0x180034060,,plugin,55,55,1,1.0000,,icf
0x180034130,,library,71,71,1,1.0000,,icf
0x180034230,,library,22,22,1,1.0000,,rtti
0x1800358a0,,library,82,82,1,1.0000,,icf
0x1800359f0,,plugin,55,55,1,1.0000,,icf
0x180035ab0,,library,12,12,1,1.0000,,rtti
0x180035add,,library,86,86,1,1.0000,,icf
0x180035c46,,library,7,7,1,1.0000,,icf
0x180035c70,,library,49,49,1,1.0000,,rtti
0x180035d1c,,library,32,32,1,1.0000,,icf
0x180035d91,,library,18,18,1,1.0000,,icf
0x180035dd0,,library,78,78,1,1.0000,,rtti
0x180035ef0,,library,43,43,1,1.0000,,rtti
0x180035f80,,library,12,12,1,1.0000,,icf
0x180035fa3,,library,20,20,1,1.0000,,icf
0x180035fec,,library,22,22,1,1.0000,,icf
0x18003603d,,library,53,53,1,1.0000,,icf
0x1800360fc,,library,1,1,1,1.0000,,icf
0x180036101,,library,8,8,1,1.0000,,icf
0x18003611c,,library,1,1,1,1.0000,,icf
0x180036130,,library,58,58,1,1.0000,,rtti
0x180036210,,library,134,134,1,1.0000,,rtti
0x1800363c0,,library,45,45,1,1.0000,,rtti
0x180036470,,library,64,64,1,1.0000,,rtti
0x180036534,,library,24,24,1,1.0000,,icf
0x180036587,,library,14,14,1,1.0000,,icf
0x1800365c0,,library,18,18,1,1.0000,,rtti
0x180036600,,library,34,34,1,1.0000,,icf
0x180036695,,library,5,5,1,1.0000,,icf
0x1800366a0,,library,38,38,1,1.0000,,icf
0x180036730,,library,38,38,1,1.0000,,icf
0x1800367c0,,library,23,23,1,1.0000,,rtti
0x180036810,,library,242,242,1,1.0000,,rtti
0x180036bc0,,library,40,40,1,1.0000,,rtti
0x180036c40,,library,55,55,1,1.0000,,rtti
0x1800370b0,,library,5,5,1,1.0000,,rtti
0x1800370c0,,library,2,2,1,1.0000,,rtti
0x1800370d0,,plugin,123,123,1,1.0000,,icf
0x1800372a0,,library,27,27,1,1.0000,,rtti
0x180037302,,library,16,16,1,1.0000,,icf
0x18003733e,,library,34,34,1,1.0000,,icf
0x1800373d0,,library,55,55,1,1.0000,,rtti
0x180037550,,library,11,11,1,1.0000,,icf
0x180037580,,library,44,44,1,1.0000,,icf
0x1800377b0,,plugin,46,46,1,1.0000,,icf
0x1800378a0,,plugin,21,21,1,1.0000,,icf
0x1800378e0,,plugin,20,20,1,1.0000,,icf
0x180037912,,library,62,62,1,1.0000,,icf
0x1800379f9,,library,18,18,1,1.0000,,icf
0x180037b40,,library,135,135,1,1.0000,,icf
0x180037df0,,plugin,42,42,1,1.0000,,icf
0x180037e90,,plugin,42,42,1,1.0000,,icf
0x180037f30,,library,4,4,1,1.0000,,rtti
0x180037f3a,,library,17,17,1,1.0000,,icf
0x180037f7a,,library,1,1,1,1.0000,,icf
0x180037f90,,library,3,3,1,1.0000,,icf
0x180037fd0,,library,3,3,1,1.0000,,icf
0x180038170,,library,8,8,1,1.0000,,rtti
0x1800381a0,,library,7,7,1,1.0000,,icf
0x1800381b7,,library,39,39,1,1.0000,,icf
0x180038244,,library,5,5,1,1.0000,,icf
0x180038250,,plugin,5,5,1,1.0000,,icf
0x180038270,,plugin,5,5,1,1.0000,,icf
0x1800388e0,,library,14,14,1,1.0000,,icf
0x18003890d,,library,24,24,1,1.0000,,icf
0x18003895e,,library,29,29,1,1.0000,,icf
0x1800389d0,,library,7,7,1,1.0000,,icf
0x1800389e9,,library,2,2,1,1.0000,,icf
0x1800389f0,,library,23,23,1,1.0000,,icf
0x180038a3e,,library,12,12,1,1.0000,,icf
0x180038a6b,,library,4,4,1,1.0000,,icf
0x180038a76,,library,6,6,1,1.0000,,icf
0x180038a90,,plugin,22,22,1,1.0000,,icf
0x180038b00,,plugin,22,22,1,1.0000,,icf
0x180038b4c,,library,23,23,1,1.0000,,icf
0x180038b9f,,library,9,9,1,1.0000,,icf
0x180038bc0,,plugin,25,25,1,1.0000,,icf
0x180038c10,,plugin,5,5,1,1.0000,,icf
0x180038c30,,library,4,4,1,1.0000,,icf
0x180038c40,,plugin,3,3,1,1.0000,,icf
0x180038c50,,plugin,3,3,1,1.0000,,icf
0x180038c60,,library,8,8,1,1.0000,,icf
0x180038c80,,library,3,3,1,1.0000,,icf
0x180038c90,,library,3,3,1,1.0000,,icf
0x180038cb0,,library,12,12,1,1.0000,,icf
0x180038ce0,,library,59,59,1,1.0000,,icf
0x180038eb0,,library,9,9,1,1.0000,,icf
0x180038ef0,,library,2,2,1,1.0000,,callgraph
0x180038f00,,library,20,20,1,1.0000,,icf
0x180038f70,,library,15,15,1,1.0000,,icf
0x180038fb0,,library,11,11,1,1.0000,,icf
0x180038fe0,,library,15,15,1,1.0000,,icf
0x180039020,,library,27,27,1,1.0000,,icf
0x180039080,,library,5,5,1,1.0000,,icf
0x180039090,,library,9,9,1,1.0000,,icf
0x180039110,,plugin,4,4,1,1.0000,,icf
0x1800391a0,,library,2,2,1,1.0000,,callgraph
0x1800391b0,,plugin,264,264,1,1.0000,,rtti
0x1800395c0,,library,17,17,1,1.0000,,icf
0x180039770,,library,2,2,1,1.0000,,rtti
0x180039780,,library,2,2,1,1.0000,,rtti
0x180039790,,library,2,2,1,1.0000,,rtti
0x1800397a0,,library,2,2,1,1.0000,,rtti
0x1800397b0,,library,2,2,1,1.0000,,rtti
0x1800397c0,,library,2,2,1,1.0000,,rtti
0x1800397d0,,library,2,2,1,1.0000,,rtti
0x1800397e0,,library,8,8,1,1.0000,,rtti
0x1800397f8,,library,14,14,1,1.0000,,icf
0x18003982d,,library,11,11,1,1.0000,,icf
0x180039860,,library,2,2,1,1.0000,,rtti
0x180039870,,library,10,10,1,1.0000,,rtti
0x180039960,,library,2,2,1,1.0000,,rtti
0x180039970,,library,2,2,1,1.0000,,rtti
0x180039980,,library,24,24,1,1.0000,,rtti
0x1800399d0,,library,2,2,1,1.0000,,rtti
0x1800399e0,,library,3,3,1,1.0000,,rtti
0x180039c00,,library,3,3,1,1.0000,,icf
0x180039c10,,library,5,5,1,1.0000,,icf
0x180039c30,,library,10,10,1,1.0000,,icf
0x180039f70,,plugin,6,6,1,1.0000,,icf
0x180039f90,,plugin,6,6,1,1.0000,,icf
0x180039fb0,,plugin,2,2,1,1.0000,,callgraph
0x180039fc0,,plugin,10,10,1,1.0000,,icf
0x180039fe0,,plugin,9,9,1,1.0000,,icf
0x18003a240,,plugin,7,7,1,1.0000,,rtti
0x18003a300,,library,35,35,1,1.0000,,icf
0x18003a410,,library,7,7,1,1.0000,,icf
0x18003a490,,library,13,13,1,1.0000,,icf
0x18003a4b0,,library,19,19,1,1.0000,,icf
0x18003a630,,plugin,11,11,1,1.0000,,icf
0x18003a694,,library,10,10,1,1.0000,,icf
0x18003a81d,,library,1,1,1,1.0000,,icf
0x18003a9d2,,library,1,1,1,1.0000,,icf
0x18003ac00,,library,1,1,1,1.0000,,icf
0x18003ac06,,library,1,1,1,1.0000,,icf
0x18003ac10,,library,9,9,1,1.0000,,icf
0x18003ac30,,library,20,20,1,1.0000,,icf
0x18003ac84,,library,5,5,1,1.0000,,icf
0x18003c950,,library,7,7,1,1.0000,,icf
0x18003c969,,library,33,33,1,1.0000,,icf
0x18003c9e8,,library,3,3,1,1.0000,,icf
0x18003cb60,,library,15,15,1,1.0000,,icf
0x18003cd2a,,library,8,8,1,1.0000,,icf
0x18003cd51,,library,2,2,1,1.0000,,icf
0x18003cd5e,,library,2,2,1,1.0000,,icf
0x18003ceeb,,library,1,1,1,1.0000,,icf
0x18003cef1,,library,1,1,1,1.0000,,icf
0x1800407b0,,library,51,51,1,1.0000,,icf
0x1800408c9,,library,9,9,1,1.0000,,icf
0x180044a00,,plugin,42,42,1,1.0000,,rtti
0x180045750,,library,25,25,1,1.0000,,icf
0x180045880,,library,6,6,1,1.0000,,icf
0x1800458a0,,library,6,6,1,1.0000,,icf
0x180045930,,library,22,22,1,1.0000,,icf
0x1800459ac,,library,16,16,1,1.0000,,icf
0x180045a02,,library,5,5,1,1.0000,,icf
0x180045a20,,library,16,16,1,1.0000,,icf
0x180045a60,,plugin,10,10,1,1.0000,,icf
0x180045a83,,library,16,16,1,1.0000,,icf
0x180045ac0,,library,6,6,1,1.0000,,icf
0x180045ae0,,library,10,10,1,1.0000,,icf
0x180045b10,,plugin,6,6,1,1.0000,,icf
0x180045b30,,plugin,6,6,1,1.0000,,icf
0x180045b50,,library,15,15,1,1.0000,,icf
0x180045b80,,library,15,15,1,1.0000,,icf
0x180045bb0,,plugin,23,23,1,1.0000,,icf
0x180045c10,,library,15,15,1,1.0000,,icf
0x180045c40,,library,9,9,1,1.0000,,icf
0x180045c60,,library,13,13,1,1.0000,,icf
0x180045ca0,,library,9,9,1,1.0000,,icf
0x180045dc0,,library,11,11,1,1.0000,,icf
0x180045df0,,plugin,14,14,1,1.0000,,icf
0x180045e1d,,library,21,21,1,1.0000,,icf
0x180045e61,,library,5,5,1,1.0000,,icf
0x180045e70,,plugin,15,15,1,1.0000,,icf
0x180045ea1,,library,21,21,1,1.0000,,icf
0x180045ee5,,library,5,5,1,1.0000,,icf
0x180045f00,,library,54,54,1,1.0000,,icf
0x180046b60,,library,11,11,1,1.0000,,rtti
0x180046b90,,library,13,13,1,1.0000,,rtti
0x180046bc0,,library,21,21,1,1.0000,,rtti
0x180046c10,,library,11,11,1,1.0000,,rtti
0x180046c70,,library,17,17,1,1.0000,,rtti
0x180046cb0,,library,17,17,1,1.0000,,rtti
0x180046cf0,,library,25,25,1,1.0000,,rtti
0x180046d60,,library,21,21,1,1.0000,,rtti
0x180046eee,,library,1,1,1,1.0000,,icf
0x180047124,,library,2,2,1,1.0000,,icf
0x1800473b3,,library,2,2,1,1.0000,,icf
0x1800473c0,,library,39,39,1,1.0000,,icf
0x1800475b0,,library,29,29,1,1.0000,,icf
0x180047620,,library,49,49,1,1.0000,,rtti
0x180047e20,,plugin,5,5,1,1.0000,,icf
0x18004818d,,library,43,43,1,1.0000,,string
0x1800482b0,,plugin,8,8,1,1.0000,,icf
0x1800482d0,,library,27,27,1,1.0000,,rtti
0x180048340,,library,30,30,1,1.0000,,rtti
0x180048440,,plugin,21,21,1,1.0000,,icf
0x180048490,,library,16,16,1,1.0000,,rtti
0x1800485d0,,library,16,16,1,1.0000,,rtti
0x180048710,,library,11,11,1,1.0000,,rtti
0x180048aa0,,library,10,10,1,1.0000,,rtti
0x180048bd0,,library,14,14,1,1.0000,,rtti
0x180048d20,,library,3,3,1,1.0000,,rtti
0x180048e10,,library,6,6,1,1.0000,,rtti
0x180048f10,,library,3,3,1,1.0000,,rtti
0x1800491b0,,library,3,3,1,1.0000,,rtti
0x1800494f0,,library,4,4,1,1.0000,,rtti
0x1800495f0,,library,16,16,1,1.0000,,rtti
0x180049730,,library,16,16,1,1.0000,,rtti
0x180049da0,,library,3,3,1,1.0000,,rtti
0x180049e90,,library,19,19,1,1.0000,,rtti
0x18004a750,,library,20,20,1,1.0000,,rtti
0x18004a8e0,,library,7,7,1,1.0000,,rtti
0x18004a9f0,,library,4,4,1,1.0000,,rtti
0x18004aae0,,library,16,16,1,1.0000,,rtti
0x18004abe0,,library,4,4,1,1.0000,,rtti
0x18004acd0,,library,17,17,1,1.0000,,rtti
0x18004ae20,,library,9,9,1,1.0000,,rtti
0x18004b290,,library,6,6,1,1.0000,,rtti
0x18004b2a3,,library,10,10,1,1.0000,,icf
0x18004b2cb,,library,3,3,1,1.0000,,icf
0x18004b4c0,,library,16,16,1,1.0000,,rtti
0x18004b600,,library,5,5,1,1.0000,,rtti
0x18004b60f,,library,9,9,1,1.0000,,icf
0x18004b633,,library,3,3,1,1.0000,,icf
0x18004b7b0,,library,5,5,1,1.0000,,rtti
0x18004b7bf,,library,9,9,1,1.0000,,icf
0x18004b7e3,,library,3,3,1,1.0000,,icf
0x18004b960,,library,6,6,1,1.0000,,rtti
0x18004bdc0,,library,3,3,1,1.0000,,rtti
0x18004bf00,,library,4,4,1,1.0000,,rtti
0x18004c3e0,,library,3,3,1,1.0000,,rtti
0x18004c3f0,,library,3,3,1,1.0000,,rtti
0x18004cc00,,library,5,5,1,1.0000,,rtti
0x18004cc10,,library,36,36,1,1.0000,,icf
0x18004cca1,,library,12,12,1,1.0000,,icf
0x18004cd20,,library,77,77,1,1.0000,,icf
0x18004d030,,library,12,12,1,1.0000,,icf
0x18004d0f0,,plugin,29,29,1,1.0000,,icf
0x18004d170,,library,31,31,1,1.0000,,rtti
0x18004d1f0,,plugin,21,21,1,1.0000,,icf
0x18004d400,,plugin,11,11,1,1.0000,,icf
0x18004d650,,plugin,88,88,1,1.0000,,icf
0x18004d790,,library,48,48,1,1.0000,,rtti
0x18004d9b0,,library,24,24,1,1.0000,,rtti
0x18004da90,,library,31,31,1,1.0000,,rtti
0x18004dc80,,library,36,36,1,1.0000,,rtti
0x18004de00,,plugin,8,8,1,1.0000,,icf
0x18004ded0,,library,5,5,1,1.0000,,rtti
0x18004dee0,,library,22,22,1,1.0000,,icf
0x18004df30,,plugin,32,32,1,1.0000,,rtti
0x18004e090,,library,10,10,1,1.0000,,icf
0x18004e0c0,,library,7,7,1,1.0000,,icf
0x18004e0d9,,library,18,18,1,1.0000,,icf
0x18004e124,,library,3,3,1,1.0000,,icf
0x18004e130,,library,32,32,1,1.0000,,string
0x18004e1b0,,library,2,2,1,1.0000,,rtti
0x18004e5e0,,library,35,35,1,1.0000,,icf
0x18004e770,,plugin,18,18,1,1.0000,,rtti
0x18004e7b0,,library,23,23,1,1.0000,,rtti
0x18004ea50,,library,43,43,1,1.0000,,rtti
0x18004ec20,,library,145,145,1,1.0000,,icf
0x18004ee60,,library,129,129,1,1.0000,,icf
0x18004f060,,library,62,62,1,1.0000,,icf
0x18004f145,,library,76,76,1,1.0000,,icf
0x18004f250,,library,13,13,1,1.0000,,icf
0x18004f280,,library,52,52,1,1.0000,,icf
0x18004f33a,,library,69,69,1,1.0000,,icf
0x18004f43b,,library,11,11,1,1.0000,,icf
0x18004f459,,library,3,3,1,1.0000,,icf
0x18004f470,,library,79,79,1,1.0000,,icf
0x18004f5d0,,library,11,11,1,1.0000,,icf
0x18004f5f0,,library,36,36,1,1.0000,,icf
0x18004f660,,library,61,61,1,1.0000,,icf
0x18004f730,,library,12,12,1,1.0000,,icf
0x18004f760,,library,12,12,1,1.0000,,icf
0x18004f790,,library,47,47,1,1.0000,,icf
0x18004f830,,library,10,10,1,1.0000,,icf
0x18004f850,,library,20,20,1,1.0000,,icf
0x18004f895,,library,85,85,1,1.0000,,icf
0x18004f9d3,,library,8,8,1,1.0000,,icf
0x18004f9e9,,library,27,27,1,1.0000,,icf
0x18004fa40,,plugin,47,47,1,1.0000,,icf
0x18004faf0,,plugin,1,1,1,1.0000,,callgraph
0x18004fb00,,plugin,1,1,1,1.0000,,callgraph
0x18004fc14,,library,61,61,1,1.0000,,icf
0x18004fd00,,plugin,16,16,1,1.0000,,icf
0x18004fd3d,,library,5,5,1,1.0000,,icf
0x18004fd5c,,plugin,12,12,1,1.0000,,icf
0x18004fd84,,plugin,18,18,1,1.0000,,icf
0x18004fdcc,,plugin,75,75,1,1.0000,,icf
0x18004ff08,,library,53,53,1,1.0000,,icf
0x18004ffe4,,library,222,222,1,1.0000,,icf
0x18005030c,,library,25,25,1,1.0000,,icf
0x180050418,,plugin,20,20,1,1.0000,,icf
0x180050454,,plugin,1,1,1,1.0000,,callgraph
0x18005045c,,library,17,17,1,1.0000,,icf
0x180050498,,library,17,17,1,1.0000,,icf
0x1800504cc,,library,7,7,1,1.0000,,icf
0x1800504e4,,library,14,14,1,1.0000,,icf
0x18005050c,,library,6,6,1,1.0000,,icf
0x180050524,,library,27,27,1,1.0000,,icf
0x180050584,,library,13,13,1,1.0000,,icf
0x1800505b4,,library,5,5,1,1.0000,,icf
0x180050690,,library,48,48,1,1.0000,,icf
0x180050728,,library,13,13,1,1.0000,,icf
0x1800507b4,,plugin,8,8,1,1.0000,,icf
0x1800507cc,,library,12,12,1,1.0000,,icf
0x180050808,,plugin,21,21,1,1.0000,,icf
0x180050874,,plugin,27,27,1,1.0000,,icf
0x1800508f0,,library,8,8,1,1.0000,,icf
0x180050910,,library,29,29,1,1.0000,,icf
0x180050970,,library,37,37,1,1.0000,,icf
0x180050a00,,plugin,8,8,1,1.0000,,icf
0x180050a20,,library,13,13,1,1.0000,,rtti
0x180050a4c,,plugin,36,36,1,1.0000,,icf
0x180050ab8,,library,29,29,1,1.0000,,icf
0x180050b14,,library,25,25,1,1.0000,,icf
0x180050d00,,library,96,96,1,1.0000,,icf
0x180050e28,,library,18,18,1,1.0000,,icf
0x180051100,,library,47,47,1,1.0000,,icf
0x1800511a8,,library,43,43,1,1.0000,,icf
0x180051244,,library,26,26,1,1.0000,,icf
0x1800512ac,,plugin,7,7,1,1.0000,,string
0x1800512d0,,plugin,6,6,1,1.0000,,icf
0x180051318,,library,71,71,1,1.0000,,icf
0x180051464,,library,13,13,1,1.0000,,icf
0x18005156c,,library,33,33,1,1.0000,,icf
0x1800515e0,,library,39,39,1,1.0000,,icf
0x1800516d8,,library,7,7,1,1.0000,,icf
0x1800516fc,,library,17,17,1,1.0000,,icf
0x180051738,,library,17,17,1,1.0000,,icf
0x180051870,,library,1,1,1,1.0000,,icf
0x180051890,,library,1,1,1,1.0000,,icf
0x1800518a0,,library,13,13,1,1.0000,,icf
0x1800518e0,,library,13,13,1,1.0000,,icf
0x180051910,,library,13,13,1,1.0000,,icf
0x180051980,,library,3,3,1,1.0000,,icf
0x180051a30,,library,72,72,1,1.0000,,icf
0x180051ba0,,library,17,17,1,1.0000,,icf
0x180051c10,,library,72,72,1,1.0000,,icf
0x180051d80,,library,17,17,1,1.0000,,icf
0x180051de0,,library,72,72,1,1.0000,,icf
0x180051f50,,library,17,17,1,1.0000,,icf
0x180051fb0,,library,13,13,1,1.0000,,icf
0x180052010,,library,9,9,1,1.0000,,icf
0x180052030,,library,13,13,1,1.0000,,icf
0x180052060,,library,13,13,1,1.0000,,icf
0x1800520c0,,library,9,9,1,1.0000,,icf
0x1800520e0,,library,13,13,1,1.0000,,icf
0x180052120,,library,13,13,1,1.0000,,icf
0x180052170,,library,3,3,1,1.0000,,icf
0x180052180,,library,3,3,1,1.0000,,icf
0x1800521b0,,library,3,3,1,1.0000,,icf
0x1800521c0,,library,3,3,1,1.0000,,icf
0x180052220,,library,3,3,1,1.0000,,icf
0x180052470,,library,13,13,1,1.0000,,icf
0x180052550,,library,13,13,1,1.0000,,icf
0x180052580,,library,13,13,1,1.0000,,icf
0x1800525b0,,library,13,13,1,1.0000,,icf
0x1800525e0,,library,13,13,1,1.0000,,icf
0x1800526b0,,library,13,13,1,1.0000,,icf
0x1800526f0,,library,3,3,1,1.0000,,icf
0x180052790,,library,13,13,1,1.0000,,icf
0x180052940,,library,17,17,1,1.0000,,icf
0x180052cf0,,library,17,17,1,1.0000,,icf
0x180052d50,,library,3,3,1,1.0000,,icf
0x180052d80,,library,11,11,1,1.0000,,icf
0x180052f00,,library,3,3,1,1.0000,,icf
0x180052f10,,library,3,3,1,1.0000,,icf
0x180053560,,library,16,16,1,1.0000,,icf
0x1800535e0,,library,14,14,1,1.0000,,icf
0x180053650,,library,13,13,1,1.0000,,icf
0x180053680,,library,13,13,1,1.0000,,icf
0x1800536f0,,library,14,14,1,1.0000,,icf
0x180053730,,library,3,3,1,1.0000,,icf
0x180053750,,library,3,3,1,1.0000,,icf
0x180053770,,library,3,3,1,1.0000,,icf
0x180053780,,library,3,3,1,1.0000,,icf
0x180053790,,library,3,3,1,1.0000,,icf
0x1800537c0,,library,14,14,1,1.0000,,icf
0x180053800,,library,3,3,1,1.0000,,icf
0x180053830,,library,3,3,1,1.0000,,icf
0x180053840,,library,3,3,1,1.0000,,icf
0x180053860,,library,3,3,1,1.0000,,icf
0x180053870,,library,3,3,1,1.0000,,icf
0x1800538f0,,library,14,14,1,1.0000,,icf
0x180053930,,library,3,3,1,1.0000,,icf
0x180053960,,library,30,30,1,1.0000,,icf
0x1800539e0,,library,19,19,1,1.0000,,icf
0x180053a50,,library,13,13,1,1.0000,,icf
0x180053b90,"bool __cdecl REL::IDDatabase::load_file(class std::basic_string_view<wchar_t,struct std::char_traits<wchar_t> >,class REL::Version,unsigned char,bool)",library,130,130,1,1.0000,,string
0x180053e60,,library,13,13,1,1.0000,,icf
0x180053ec0,,library,3,3,1,1.0000,,icf
0x180053ed0,,library,3,3,1,1.0000,,icf
0x180053ee0,,library,3,3,1,1.0000,,icf
0x180053ef0,,library,3,3,1,1.0000,,icf
0x180053f00,,library,3,3,1,1.0000,,icf
0x180053f60,,library,13,13,1,1.0000,,icf
0x180054010,,library,3,3,1,1.0000,,icf
0x1800542d0,,library,9,9,1,1.0000,,icf
0x180054310,,library,13,13,1,1.0000,,icf
0x180054350,,library,9,9,1,1.0000,,icf
0x180054370,,library,3,3,1,1.0000,,icf
0x180054390,,library,3,3,1,1.0000,,icf
0x1800543a0,,library,3,3,1,1.0000,,icf
0x1800543b0,,library,3,3,1,1.0000,,icf
0x1800543c0,,library,3,3,1,1.0000,,icf
0x1800543d0,,library,3,3,1,1.0000,,icf
0x1800543f0,,library,3,3,1,1.0000,,icf
0x180054650,,library,9,9,1,1.0000,,icf
0x180054690,,library,3,3,1,1.0000,,icf
0x180054740,,library,36,36,1,1.0000,,icf
0x1800547d0,,library,17,17,1,1.0000,,icf
0x180054820,,library,23,23,1,1.0000,,icf
0x180054920,,library,9,9,1,1.0000,,icf
0x180054b80,,library,3,3,1,1.0000,,icf
0x180054b90,,library,3,3,1,1.0000,,icf
0x180054ba0,,library,3,3,1,1.0000,,icf
0x180054bb0,,library,3,3,1,1.0000,,icf
0x180054c0c,,library,9,9,1,1.0000,,icf
0x180054c24,,library,14,14,1,1.0000,,icf
0x180054c50,,library,27,27,1,1.0000,,icf
0x180054cab,,library,7,7,1,1.0000,,icf
0x180054cc2,,library,9,9,1,1.0000,,icf
0x180054cdb,,library,6,6,1,1.0000,,icf
0x180054cef,,library,16,16,1,1.0000,,icf
0x180054e50,,library,6,6,1,1.0000,,icf
0x180054e70,,library,28,28,1,1.0000,,icf
0x180054f90,,library,6,6,1,1.0000,,icf
0x1800550f0,,library,17,17,1,1.0000,,icf
0x18005526c,,library,24,24,1,1.0000,,icf
