orig_addr,orig_insn,tier,name,group
0x1800261e0,326,plugin,void __cdecl `anonymous-namespace'::ApplyPresentation(void),g1
0x180047b60,194,plugin,,g1
0x180047140,167,library,,g1
0x180047e40,158,plugin,,g1
0x18004ce40,146,library,,g1
0x18003eb30,134,library,,g1
0x180023230,117,plugin,,g1
0x18003e400,115,library,,g1
0x18003e6e0,115,library,,g1
0x180022e60,112,plugin,,g1
0x180046f90,110,library,,g1
0x18000fef0,102,plugin,,g1
0x18004d830,102,plugin,,g1
0x18001e000,100,library,,g1
0x180013f20,99,plugin,,g1
0x180044510,88,library,,g1
0x18002cfd0,85,plugin,auto __cdecl `anonymous-namespace'::DispatchAction::<lambda_1>::operator ()(void) const,g1
0x1800358a0,82,library,,g1
0x180046050,76,library,,g1
0x180044650,68,library,,g1
0x18002d340,67,library,,g1
0x18004dfa0,67,plugin,,g1
0x180010820,66,library,,g1
0x180010b20,55,library,,g1
0x18002e0a0,51,library,,g1
0x180054d70,51,library,,g1
0x18002e000,47,plugin,,g1
0x180037fe0,45,library,"bool __cdecl SKSE::MessagingInterface::RegisterListener(const char *,void (__cdecl *)(struct SKSE::MessagingInterface::Message *)) const",g1
0x18003e380,44,library,,g1
0x180047470,44,library,,g1
0x180006290,42,library,,g1
0x180045980,41,library,,g1
0x18003a630,40,plugin,,g1
0x180040890,38,plugin,,g1
0x18004da00,35,plugin,,g1
0x18003a370,34,library,,g1
0x180008a30,33,plugin,,g1
0x180023c10,25,library,,g1
0x18002dda0,25,plugin,,g1
0x180045d70,24,library,,g1
0x180037490,21,plugin,,g1
0x180037ae0,21,plugin,,g1
0x1800390b0,21,plugin,,g1
0x180039120,21,plugin,,g1
0x18002c710,20,library,,g1
0x1800374f0,20,plugin,,g1
0x180055090,20,library,,g1
0x180016d20,17,library,,g1
0x18002c9d0,16,library,,g1
0x180010aa0,14,library,,g1
0x180052f30,13,library,,g1
0x180052f70,13,library,,g1
0x180053120,13,library,,g1
0x180053420,13,library,,g1
0x180001100,12,library,,g1
0x1800236f0,12,library,,g1
0x18002bea0,11,plugin,,g1
0x180054d30,10,library,,g1
0x180023b60,9,library,,g1
0x1800382b0,5,library,,g1
