orig_addr,name,area,orig_insn,named
0x180001000,,unclassified,2,no
0x1800010f0,,unclassified,2,no
0x180001100,,unclassified,12,no
0x180001150,,unclassified,2,no
0x180001160,,unclassified,2,no
0x1800011d0,,unclassified,2,no
0x180001d20,,unclassified,33,no
0x180005629,,unclassified,2,no
0x1800058ad,,unclassified,113,no
0x180005a2e,,unclassified,46,no
0x180005cee,,unclassified,116,no
0x180005e92,,unclassified,44,no
0x180006110,,unclassified,73,no
0x180006216,,unclassified,20,no
0x180006262,,unclassified,11,no
0x180006290,,unclassified,42,no
0x180007e01,,unclassified,1,no
0x180007e06,,unclassified,28,no
0x180007e68,,unclassified,39,no
0x180008a30,,unclassified,7,no
0x180008a45,,unclassified,21,no
0x180008a98,,unclassified,5,no
0x18000d194,,unclassified,356,no
0x18000f350,,unclassified,28,no
0x18000fea0,,unclassified,11,no
0x18000fef0,,unclassified,102,no
0x180010460,,unclassified,30,no
0x1800104e0,,unclassified,2,no
0x180010580,,unclassified,2,no
0x180010710,,unclassified,2,no
0x180010780,,unclassified,2,no
0x180010790,,unclassified,5,no
0x1800107a0,,unclassified,22,no
0x180010810,,unclassified,1,no
0x180010820,,unclassified,7,no
0x180010839,,unclassified,6,no
0x18001084f,,unclassified,16,no
0x180010885,,unclassified,14,no
0x1800108c0,,unclassified,13,no
0x1800108f0,,unclassified,4,no
0x1800108fb,,unclassified,6,no
0x180010990,,unclassified,40,no
0x180010a20,,unclassified,1,no
0x180010aa0,,unclassified,14,no
0x180010ad0,,unclassified,6,no
0x180010af0,,unclassified,2,no
0x180010b20,,unclassified,55,no
0x180010c30,,unclassified,1,no
0x180010c40,,unclassified,15,no
0x180010c80,,unclassified,9,no
0x180010ca0,,unclassified,1,no
0x180010cb0,,unclassified,7,no
0x180012a60,,unclassified,49,no
0x180012b1e,,unclassified,28,no
0x180012b85,,unclassified,12,no
0x1800130e0,,unclassified,18,no
0x180013254,,unclassified,6,no
0x180013268,,unclassified,6,no
0x1800133b0,,unclassified,13,no
0x1800133e1,,unclassified,10,no
0x18001368e,,unclassified,1,no
0x180013696,,unclassified,5,no
0x180013920,,unclassified,53,no
0x180013a10,,unclassified,1,no
0x180013a18,,unclassified,1,no
0x180013a20,,unclassified,349,no
0x180013f20,,unclassified,99,no
0x180014571,,unclassified,4,no
0x180014590,,unclassified,15,no
0x1800146d3,,unclassified,6,no
0x180014dd0,,unclassified,13,no
0x180014dfb,,unclassified,84,no
0x180014f16,,unclassified,7,no
0x180015a10,,unclassified,43,no
0x1800161d0,,unclassified,8,no
0x180016317,,unclassified,9,no
0x180016339,,unclassified,4,no
0x180016420,,unclassified,6,no
0x180016440,,unclassified,6,no
0x180016460,,unclassified,6,no
0x180016820,,unclassified,16,no
0x180016860,,unclassified,5,no
0x180016870,,unclassified,17,no
0x180016b02,,unclassified,2,no
0x180016b0c,,unclassified,6,no
0x180016bf0,,unclassified,3,no
0x180016c00,,unclassified,2,no
0x180016c10,,unclassified,66,no
0x180016d20,,unclassified,17,no
0x180016d70,,unclassified,4,no
0x180016d80,,unclassified,5,no
0x180016da0,,unclassified,4,no
0x180017e30,,unclassified,45,no
0x180018cc0,,unclassified,32,no
0x1800190b0,,unclassified,57,no
0x180019160,,unclassified,2,no
0x180019170,,unclassified,2,no
0x180019180,,unclassified,2,no
0x180019190,,unclassified,2,no
0x1800191a0,,unclassified,2,no
0x1800191b0,,unclassified,2,no
0x1800191c0,,unclassified,2,no
0x1800196b0,,unclassified,55,no
0x180019802,,unclassified,15,no
0x18001b34a,,unclassified,13,no
0x18001b380,,unclassified,6,no
0x18001e000,,unclassified,100,no
0x18001e46c,,unclassified,25,no
0x18001e4be,,unclassified,23,no
0x18001e501,,unclassified,1,no
0x18001e506,,unclassified,5,no
0x18001e517,,unclassified,23,no
0x18001e556,,unclassified,49,no
0x18001e610,,unclassified,25,no
0x18001e65b,,unclassified,8,no
0x18001e682,,unclassified,27,no
0x18001e6e0,,unclassified,1,no
0x18001e6e5,,unclassified,6,no
0x18001e6f3,,unclassified,8,no
0x18001e708,,unclassified,10,no
0x18001eac3,,unclassified,11,no
0x18001eaf1,,unclassified,4,no
0x180020610,,unclassified,22,no
0x180020770,,unclassified,22,no
0x1800207d0,,unclassified,21,no
0x180020815,,unclassified,11,no
0x180020839,,unclassified,25,no
0x1800208a0,,unclassified,7,no
0x1800208bc,,unclassified,52,no
0x180021110,,unclassified,112,no
0x180021320,,unclassified,117,no
0x180021550,,unclassified,127,no
0x1800217d0,,unclassified,122,no
0x180021a20,,unclassified,127,no
0x180021ca0,,unclassified,117,no
0x180021ec0,,unclassified,127,no
0x180022340,,unclassified,117,no
0x180022570,,unclassified,117,no
0x1800227a0,,unclassified,112,no
0x1800229b0,,unclassified,117,no
0x180022be0,,unclassified,127,no
0x180022e60,,unclassified,112,no
0x180023230,,unclassified,77,no
0x180023348,,unclassified,29,no
0x1800233b3,,unclassified,11,no
0x1800233e0,,unclassified,47,no
0x180023690,,unclassified,2,no
0x1800236f0,,unclassified,12,no
0x180023850,,unclassified,2,no
0x180023990,,unclassified,1,no
0x180023a70,,unclassified,1,no
0x180023b60,,unclassified,9,no
0x180023c10,,unclassified,25,no
0x180025ce0,,unclassified,169,no
0x180027cc3,,unclassified,7,no
0x180027ce6,,unclassified,8,no
0x180029200,,unclassified,6,no
0x18002961e,,unclassified,3,no
0x18002a270,,unclassified,7,no
0x18002a3ec,,unclassified,6,no
0x18002a6e0,,unclassified,7,no
0x18002a802,,unclassified,6,no
0x18002a830,,unclassified,7,no
0x18002a850,,unclassified,10,no
0x18002a87f,,unclassified,6,no
0x18002a8a0,,unclassified,1,no
0x18002a8a8,,unclassified,1,no
0x18002bea0,,unclassified,11,no
0x18002c710,,unclassified,20,no
0x18002c970,,unclassified,12,no
0x18002c9a0,,unclassified,12,no
0x18002c9d0,,unclassified,16,no
0x18002ca10,,unclassified,6,no
0x18002ca70,,unclassified,12,no
0x18002caf0,,unclassified,12,no
0x18002cb60,,unclassified,16,no
0x18002cfc0,,unclassified,2,no
0x18002d160,,unclassified,2,no
0x18002d170,,unclassified,94,no
0x18002d340,,unclassified,67,no
0x18002d490,,unclassified,2,no
0x18002d4a0,,unclassified,2,no
0x18002d4b0,,unclassified,2,no
0x18002d4c0,,unclassified,2,no
0x18002d4d0,,unclassified,1,no
0x18002d4e0,,unclassified,2,no
0x18002d7b0,,unclassified,16,no
0x18002d7f0,,unclassified,16,no
0x18002d830,,unclassified,20,no
0x18002d880,,unclassified,16,no
0x18002d8c0,,unclassified,16,no
0x18002d990,,unclassified,2,no
0x18002d9a0,,unclassified,2,no
0x18002d9b0,,unclassified,2,no
0x18002d9c0,,unclassified,2,no
0x18002d9d0,,unclassified,2,no
0x18002d9e0,,unclassified,2,no
0x18002d9f0,,unclassified,2,no
0x18002da00,,unclassified,2,no
0x18002da10,,unclassified,2,no
0x18002da20,,unclassified,2,no
0x18002da30,,unclassified,2,no
0x18002da40,,unclassified,2,no
0x18002dad0,,unclassified,14,no
0x18002dbf3,,unclassified,6,no
0x18002dc00,,unclassified,53,no
0x18002e340,,unclassified,22,no
0x18002e3b0,,unclassified,1,no
0x18002e3c0,,unclassified,2,no
0x18002e3d0,,unclassified,1,no
0x18002e3f0,,unclassified,1,no
0x18002e400,,unclassified,1,no
0x18002e410,,unclassified,1,no
0x18002e470,,unclassified,1,no
0x18002e490,,unclassified,1,no
0x18002e4e0,,unclassified,1,no
0x18002e4f0,,unclassified,1,no
0x180037490,,unclassified,9,no
0x1800374bd,,unclassified,9,no
0x1800374e6,,unclassified,3,no
0x1800374f0,,unclassified,8,no
0x18003751e,,unclassified,9,no
0x180037547,,unclassified,3,no
0x180037840,,unclassified,9,no
0x18003786d,,unclassified,9,no
0x180037896,,unclassified,3,no
0x180037a40,,unclassified,17,no
0x180037aad,,unclassified,10,no
0x180037ae0,,unclassified,9,no
0x180037b0d,,unclassified,9,no
0x180037b36,,unclassified,3,no
0x180037f80,,unclassified,1,no
0x180037fa0,,unclassified,1,no
0x180037fb0,,unclassified,1,no
0x180037fc0,,unclassified,1,no
0x180038190,,unclassified,2,no
0x180038ed0,,unclassified,2,no
0x180038ee0,,unclassified,2,no
0x1800390dd,,unclassified,9,no
0x180039106,,unclassified,3,no
0x180039120,,unclassified,9,no
0x18003914d,,unclassified,9,no
0x180039176,,unclassified,3,no
0x180039180,,unclassified,9,no
0x18003970a,,unclassified,8,no
0x180039730,,unclassified,13,no
0x180039f60,,unclassified,1,no
0x18003a110,,unclassified,10,no
0x18003a143,,unclassified,11,no
0x18003a171,,unclassified,4,no
0x18003a370,,unclassified,17,no
0x18003a3b7,,unclassified,7,no
0x18003a3da,,unclassified,10,no
0x18003a400,,unclassified,1,no
0x18003a45d,,unclassified,9,no
0x18003a486,,unclassified,3,no
0x18003a653,,unclassified,19,no
0x18003a6c0,,unclassified,26,no
0x18003a71d,,unclassified,64,no
0x18003a801,,unclassified,9,no
0x18003a830,,unclassified,15,no
0x18003a862,,unclassified,54,no
0x18003aa1b,,unclassified,136,no
0x18003aca0,,unclassified,65,no
0x18003af59,,unclassified,11,no
0x18003af80,,unclassified,173,no
0x18003c9f0,,unclassified,10,no
0x18003ca10,,unclassified,73,no
0x18003cb1d,,unclassified,5,no
0x18003cb27,,unclassified,11,no
0x18003cd70,,unclassified,13,no
0x18003cd9e,,unclassified,93,no
0x18003e380,,unclassified,11,no
0x18003e39b,,unclassified,25,no
0x18003e3e5,,unclassified,8,no
0x18003e400,,unclassified,40,no
0x18003e479,,unclassified,26,no
0x18003e4cd,,unclassified,49,no
0x18003e570,,unclassified,40,no
0x18003e5e9,,unclassified,26,no
0x18003e63d,,unclassified,49,no
0x18003e6e0,,unclassified,40,no
0x18003e759,,unclassified,26,no
0x18003e7ad,,unclassified,49,no
0x18003e850,,unclassified,40,no
0x18003e8c9,,unclassified,26,no
0x18003e91d,,unclassified,49,no
0x18003e9c0,,unclassified,40,no
0x18003ea39,,unclassified,26,no
0x18003ea8d,,unclassified,49,no
0x18003eb30,,unclassified,134,no
0x18003fa40,,unclassified,312,no
0x18003fec0,,unclassified,306,no
0x180040330,,unclassified,57,no
0x1800403f0,,unclassified,52,no
0x1800404aa,,unclassified,11,no
0x180040890,,unclassified,18,no
0x1800408ed,,unclassified,11,no
0x180044536,,unclassified,55,no
0x1800445f9,,unclassified,23,no
0x1800446bd,,unclassified,26,no
0x180044720,,unclassified,8,no
0x180044b80,,unclassified,30,no
0x180045980,,unclassified,2,no
0x180045988,,unclassified,4,no
0x180045995,,unclassified,6,no
0x1800459e2,,unclassified,4,no
0x1800459f4,,unclassified,4,no
0x180045cd9,,unclassified,21,no
0x180045d26,,unclassified,20,no
0x180045d70,,unclassified,24,no
0x180045fc0,,unclassified,14,no
0x180045ff0,,unclassified,19,no
0x180046030,,unclassified,7,no
0x180046050,,unclassified,8,no
0x180046069,,unclassified,6,no
0x18004607d,,unclassified,19,no
0x1800460c5,,unclassified,4,no
0x1800460d3,,unclassified,39,no
0x1800464d0,,unclassified,166,no
0x1800466d0,,unclassified,183,no
0x180046910,,unclassified,183,no
0x180046b50,,unclassified,1,no
0x180046dea,,unclassified,61,no
0x180046ed2,,unclassified,8,no
0x180046f00,,unclassified,39,no
0x180046f90,,unclassified,12,no
0x180046fbf,,unclassified,19,no
0x180047008,,unclassified,60,no
0x1800470ed,,unclassified,6,no
0x1800470fe,,unclassified,11,no
0x180047140,,unclassified,12,no
0x180047170,,unclassified,23,no
0x1800471ca,,unclassified,111,no
0x180047371,,unclassified,8,no
0x18004738d,,unclassified,11,no
0x180047470,,unclassified,11,no
0x18004748c,,unclassified,26,no
0x1800474e3,,unclassified,7,no
0x180047500,,unclassified,47,no
0x180047b60,,unclassified,194,no
0x180047e40,,unclassified,7,no
0x180047e5e,,unclassified,73,no
0x180047f83,,unclassified,33,no
0x18004802d,,unclassified,45,no
0x1800483b0,,unclassified,35,no
0x18004ccd1,,unclassified,7,no
0x18004ccf3,,unclassified,12,no
0x18004ce40,,unclassified,146,no
0x18004d830,,unclassified,102,no
0x18004da00,,unclassified,35,no
0x18004dfa0,,unclassified,67,no
0x18004ec0c,,unclassified,1,no
0x18004fae0,,unclassified,1,no
0x18004fb10,,unclassified,15,no
0x18004fb6c,,unclassified,45,no
0x18004fc04,,unclassified,3,no
0x18004fcec,,unclassified,3,no
0x1800509f6,,unclassified,1,no
0x1800512f0,,unclassified,1,no
0x1800512f8,,unclassified,2,no
0x1800516b4,,unclassified,2,no
0x1800516c4,,unclassified,2,no
0x1800516d0,,unclassified,2,no
0x1800516f4,,unclassified,2,no
0x180051866,,unclassified,1,no
0x180051886,,unclassified,1,no
0x1800518d0,,unclassified,2,no
0x180051940,,unclassified,2,no
0x180051950,,unclassified,2,no
0x180051960,,unclassified,2,no
0x180051970,,unclassified,2,no
0x180051990,,unclassified,2,no
0x1800519a0,,unclassified,2,no
0x1800519b0,,unclassified,2,no
0x1800519c0,,unclassified,2,no
0x1800519d0,,unclassified,2,no
0x1800519e0,,unclassified,2,no
0x1800519f0,,unclassified,13,no
0x180051a20,,unclassified,2,no
0x180051bf0,,unclassified,2,no
0x180051c00,,unclassified,2,no
0x180051dd0,,unclassified,2,no
0x180051fa0,,unclassified,2,no
0x180051fe0,,unclassified,2,no
0x180051ff0,,unclassified,2,no
0x180052000,,unclassified,2,no
0x180052090,,unclassified,2,no
0x1800520a0,,unclassified,2,no
0x1800520b0,,unclassified,2,no
0x180052110,,unclassified,2,no
0x180052150,,unclassified,2,no
0x180052160,,unclassified,2,no
0x1800521a0,,unclassified,2,no
0x1800521d0,,unclassified,2,no
0x1800521e0,,unclassified,2,no
0x1800521f0,,unclassified,3,no
0x180052210,,unclassified,2,no
0x180052230,,unclassified,2,no
0x180052240,,unclassified,2,no
0x180052250,,unclassified,2,no
0x180052260,,unclassified,2,no
0x180052270,,unclassified,2,no
0x180052280,,unclassified,2,no
0x180052290,,unclassified,2,no
0x1800522a0,,unclassified,2,no
0x1800522b0,,unclassified,2,no
0x1800522c0,,unclassified,13,no
0x1800522f0,,unclassified,2,no
0x180052300,,unclassified,2,no
0x180052310,,unclassified,2,no
0x180052320,,unclassified,2,no
0x180052330,,unclassified,2,no
0x180052340,,unclassified,2,no
0x180052350,,unclassified,2,no
0x180052360,,unclassified,2,no
0x180052370,,unclassified,2,no
0x180052380,,unclassified,2,no
0x180052390,,unclassified,2,no
0x1800523a0,,unclassified,2,no
0x1800523b0,,unclassified,2,no
0x1800523c0,,unclassified,13,no
0x1800523f0,,unclassified,2,no
0x180052400,,unclassified,2,no
0x180052410,,unclassified,2,no
0x180052420,,unclassified,2,no
0x180052430,,unclassified,2,no
0x180052440,,unclassified,2,no
0x180052450,,unclassified,2,no
0x180052460,,unclassified,2,no
0x1800524a0,,unclassified,2,no
0x1800524b0,,unclassified,2,no
0x1800524c0,,unclassified,2,no
0x1800524d0,,unclassified,2,no
0x1800524e0,,unclassified,2,no
0x1800524f0,,unclassified,2,no
0x180052500,,unclassified,2,no
0x180052510,,unclassified,2,no
0x180052520,,unclassified,2,no
0x180052530,,unclassified,2,no
0x180052540,,unclassified,2,no
0x180052610,,unclassified,2,no
0x180052620,,unclassified,2,no
0x180052630,,unclassified,2,no
0x180052640,,unclassified,2,no
0x180052650,,unclassified,2,no
0x180052660,,unclassified,2,no
0x180052670,,unclassified,2,no
0x180052680,,unclassified,2,no
0x180052690,,unclassified,2,no
0x1800526a0,,unclassified,2,no
0x1800526e0,,unclassified,2,no
0x180052700,,unclassified,2,no
0x180052710,,unclassified,2,no
0x180052720,,unclassified,2,no
0x180052730,,unclassified,2,no
0x180052740,,unclassified,2,no
0x180052750,,unclassified,13,no
0x180052780,,unclassified,2,no
0x180052790,,unclassified,13,no
0x1800527c0,,unclassified,2,no
0x1800527d0,,unclassified,2,no
0x1800527e0,,unclassified,2,no
0x1800527f0,,unclassified,2,no
0x180052800,,unclassified,2,no
0x180052810,,unclassified,2,no
0x180052820,,unclassified,2,no
0x180052830,,unclassified,2,no
0x180052be0,,unclassified,2,no
0x180052d40,,unclassified,2,no
0x180052d60,,unclassified,2,no
0x180052d70,,unclassified,2,no
0x180052db0,,unclassified,2,no
0x180052dc0,,unclassified,2,no
0x180052dd0,,unclassified,2,no
0x180052de0,,unclassified,2,no
0x180052df0,,unclassified,2,no
0x180052e00,,unclassified,2,no
0x180052e10,,unclassified,13,no
0x180052e40,,unclassified,2,no
0x180052e50,,unclassified,13,no
0x180052e80,,unclassified,13,no
0x180052eb0,,unclassified,2,no
0x180052ec0,,unclassified,2,no
0x180052ed0,,unclassified,2,no
0x180052ee0,,unclassified,2,no
0x180052ef0,,unclassified,2,no
0x180052f20,,unclassified,2,no
0x180052f30,,unclassified,13,no
0x180052f60,,unclassified,2,no
0x180052f70,,unclassified,13,no
0x180052fa0,,unclassified,2,no
0x180052fb0,,unclassified,2,no
0x180052fc0,,unclassified,2,no
0x180052fd0,,unclassified,3,no
0x180052fe0,,unclassified,13,no
0x180053010,,unclassified,13,no
0x180053040,,unclassified,2,no
0x180053050,,unclassified,2,no
0x180053060,,unclassified,2,no
0x180053070,,unclassified,2,no
0x180053080,,unclassified,2,no
0x180053090,,unclassified,13,no
0x1800530c0,,unclassified,9,no
0x1800530e0,,unclassified,2,no
0x1800530f0,,unclassified,9,no
0x180053110,,unclassified,2,no
0x180053120,,unclassified,13,no
0x180053150,,unclassified,13,no
0x180053180,,unclassified,2,no
0x180053190,,unclassified,2,no
0x1800531a0,,unclassified,2,no
0x1800531b0,,unclassified,2,no
0x1800531c0,,unclassified,2,no
0x1800531d0,,unclassified,2,no
0x1800531e0,,unclassified,2,no
0x1800531f0,,unclassified,2,no
0x180053200,,unclassified,2,no
0x180053210,,unclassified,2,no
0x180053220,,unclassified,2,no
0x180053230,,unclassified,2,no
0x180053240,,unclassified,2,no
0x180053250,,unclassified,2,no
0x180053260,,unclassified,2,no
0x180053270,,unclassified,2,no
0x180053280,,unclassified,2,no
0x180053290,,unclassified,2,no
0x1800532a0,,unclassified,2,no
0x1800532b0,,unclassified,2,no
0x1800532c0,,unclassified,2,no
0x1800532d0,,unclassified,13,no
0x180053300,,unclassified,2,no
0x180053310,,unclassified,2,no
0x180053320,,unclassified,2,no
0x180053330,,unclassified,2,no
0x180053340,,unclassified,2,no
0x180053350,,unclassified,2,no
0x180053360,,unclassified,2,no
0x180053370,,unclassified,2,no
0x180053380,,unclassified,2,no
0x180053390,,unclassified,2,no
0x1800533a0,,unclassified,2,no
0x1800533b0,,unclassified,2,no
0x1800533c0,,unclassified,2,no
0x1800533d0,,unclassified,2,no
0x1800533e0,,unclassified,2,no
0x1800533f0,,unclassified,2,no
0x180053400,,unclassified,2,no
0x180053410,,unclassified,2,no
0x180053420,,unclassified,13,no
0x180053450,,unclassified,2,no
0x180053460,,unclassified,2,no
0x180053470,,unclassified,2,no
0x180053480,,unclassified,2,no
0x180053490,,unclassified,2,no
0x1800534a0,,unclassified,2,no
0x1800534b0,,unclassified,2,no
0x1800534c0,,unclassified,2,no
0x1800534d0,,unclassified,2,no
0x1800534e0,,unclassified,13,no
0x180053510,,unclassified,13,no
0x180053540,,unclassified,2,no
0x180053550,,unclassified,2,no
0x1800535a0,,unclassified,2,no
0x1800535b0,,unclassified,2,no
0x1800535c0,,unclassified,2,no
0x1800535d0,,unclassified,2,no
0x180053620,,unclassified,3,no
0x180053640,,unclassified,2,no
0x1800536b0,,unclassified,2,no
0x1800536c0,,unclassified,2,no
0x1800536d0,,unclassified,2,no
0x1800536e0,,unclassified,2,no
0x180053760,,unclassified,2,no
0x1800537b0,,unclassified,2,no
0x180053820,,unclassified,2,no
0x180053850,,unclassified,2,no
0x180053880,,unclassified,2,no
0x180053890,,unclassified,2,no
0x1800538a0,,unclassified,2,no
0x1800538b0,,unclassified,2,no
0x1800538c0,,unclassified,2,no
0x1800538d0,,unclassified,2,no
0x1800538e0,,unclassified,2,no
0x180053950,,unclassified,2,no
0x180053a30,,unclassified,2,no
0x180053a40,,unclassified,2,no
0x180053a80,,unclassified,2,no
0x180053a90,,unclassified,2,no
0x180053aa0,,unclassified,2,no
0x180053ab0,,unclassified,2,no
0x180053ac0,,unclassified,2,no
0x180053ad0,,unclassified,2,no
0x180053ae0,,unclassified,2,no
0x180053af0,,unclassified,2,no
0x180053b00,,unclassified,13,no
0x180053b30,,unclassified,2,no
0x180053b40,,unclassified,2,no
0x180053b50,,unclassified,2,no
0x180053b60,,unclassified,2,no
0x180053b70,,unclassified,2,no
0x180053b80,,unclassified,2,no
0x180053e50,,unclassified,2,no
0x180053e90,,unclassified,2,no
0x180053ea0,,unclassified,2,no
0x180053eb0,,unclassified,2,no
0x180053f10,,unclassified,2,no
0x180053f20,,unclassified,2,no
0x180053f30,,unclassified,2,no
0x180053f40,,unclassified,2,no
0x180053f50,,unclassified,2,no
0x180053f90,,unclassified,2,no
0x180053fa0,,unclassified,2,no
0x180053fb0,,unclassified,2,no
0x180053fc0,,unclassified,2,no
0x180053fd0,,unclassified,2,no
0x180053fe0,,unclassified,2,no
0x180053ff0,,unclassified,2,no
0x180054000,,unclassified,2,no
0x180054020,,unclassified,2,no
0x180054030,,unclassified,2,no
0x180054040,,unclassified,2,no
0x180054050,,unclassified,2,no
0x180054060,,unclassified,2,no
0x180054070,,unclassified,2,no
0x180054080,,unclassified,2,no
0x180054090,,unclassified,2,no
0x1800540a0,,unclassified,2,no
0x1800540b0,,unclassified,2,no
0x1800540c0,,unclassified,2,no
0x1800540d0,,unclassified,2,no
0x1800540e0,,unclassified,2,no
0x1800540f0,,unclassified,2,no
0x180054100,,unclassified,2,no
0x180054110,,unclassified,2,no
0x180054120,,unclassified,2,no
0x180054130,,unclassified,2,no
0x180054140,,unclassified,2,no
0x180054150,,unclassified,2,no
0x180054160,,unclassified,2,no
0x180054170,,unclassified,2,no
0x180054180,,unclassified,2,no
0x180054190,,unclassified,2,no
0x1800541a0,,unclassified,2,no
0x1800541b0,,unclassified,2,no
0x1800541c0,,unclassified,2,no
0x1800541d0,,unclassified,2,no
0x1800541e0,,unclassified,2,no
0x1800541f0,,unclassified,2,no
0x180054200,,unclassified,2,no
0x180054210,,unclassified,2,no
0x180054220,,unclassified,2,no
0x180054230,,unclassified,2,no
0x180054240,,unclassified,2,no
0x180054250,,unclassified,2,no
0x180054260,,unclassified,2,no
0x180054270,,unclassified,2,no
0x180054280,,unclassified,2,no
0x180054290,,unclassified,2,no
0x1800542a0,,unclassified,2,no
0x1800542b0,,unclassified,2,no
0x1800542c0,,unclassified,2,no
0x1800542f0,,unclassified,2,no
0x180054300,,unclassified,2,no
0x180054340,,unclassified,2,no
0x180054380,,unclassified,3,no
0x1800543e0,,unclassified,2,no
0x180054400,,unclassified,2,no
0x180054410,,unclassified,2,no
0x180054420,,unclassified,3,no
0x180054430,,unclassified,3,no
0x180054440,,unclassified,3,no
0x180054460,,unclassified,3,no
0x180054480,,unclassified,2,no
0x180054490,,unclassified,3,no
0x1800544a0,,unclassified,3,no
0x1800544b0,,unclassified,3,no
0x1800544d0,,unclassified,3,no
0x1800544f0,,unclassified,2,no
0x180054500,,unclassified,3,no
0x180054520,,unclassified,3,no
0x180054540,,unclassified,9,no
0x180054560,,unclassified,3,no
0x180054580,,unclassified,3,no
0x1800545a0,,unclassified,3,no
0x1800545c0,,unclassified,3,no
0x1800545e0,,unclassified,3,no
0x180054600,,unclassified,3,no
0x180054610,,unclassified,3,no
0x180054620,,unclassified,3,no
0x180054630,,unclassified,9,no
0x180054670,,unclassified,2,no
0x180054680,,unclassified,2,no
0x1800546a0,,unclassified,2,no
0x1800546b0,,unclassified,2,no
0x1800546c0,,unclassified,2,no
0x1800546d0,,unclassified,9,no
0x1800546f0,,unclassified,2,no
0x180054700,,unclassified,3,no
0x180054710,,unclassified,3,no
0x180054720,,unclassified,2,no
0x180054730,,unclassified,2,no
0x180054810,,unclassified,2,no
0x180054880,,unclassified,2,no
0x180054890,,unclassified,3,no
0x1800548a0,,unclassified,2,no
0x1800548b0,,unclassified,2,no
0x1800548c0,,unclassified,2,no
0x1800548d0,,unclassified,2,no
0x1800548e0,,unclassified,2,no
0x1800548f0,,unclassified,2,no
0x180054900,,unclassified,2,no
0x180054910,,unclassified,2,no
0x180054940,,unclassified,2,no
0x180054950,,unclassified,2,no
0x180054960,,unclassified,2,no
0x180054970,,unclassified,83,no
0x180054b70,,unclassified,2,no
0x180054bd0,,unclassified,2,no
0x180054be0,,unclassified,2,no
0x180054bf0,,unclassified,2,no
0x180054c00,,unclassified,2,no
0x180054d30,,unclassified,10,no
0x180054d70,,unclassified,4,no
0x180054d84,,unclassified,4,no
0x180054d95,,unclassified,17,no
0x180054ddc,,unclassified,7,no
0x180054dfb,,unclassified,19,no
0x180054f70,,unclassified,1,no
0x180054f80,,unclassified,1,no
0x180055080,,unclassified,2,no
0x180055090,,unclassified,20,no
