orig_addr,name,area,tier,real_function,orig_insn,named,basis
0x18000d194,,core,library,yes,356,no,
0x180013a20,,core,library,yes,349,no,
0x18003fa40,,core,library,yes,312,no,
0x18003fec0,,core,library,yes,306,no,
0x180047b60,,core,library,yes,194,no,
0x1800466d0,,core,library,yes,183,no,
0x180046910,,core,library,yes,183,no,
0x180044740,.?AV?$_Fmt_iterator_buffer@V?$back_insert_iterator@V?$basic_string@DU?$char_traits@D@std@@V?$allocator@D@2@@std@@@std@@DU_Fmt_buffer_traits@2@@std@@::vtable[0],unclassified,library,yes,174,yes,
0x18003af80,,core,library,yes,173,no,
0x180025ce0,,core,library,yes,169,no,
0x18001f0b0,.?AVInputSink@?A0xbb2e73b6@@::vfunc[1],ui,library,yes,167,yes,
0x1800464d0,,core,library,yes,166,no,
0x18004ce40,,core,library,yes,146,no,
0x18003aa1b,,core,library,yes,136,no,
0x18003eb30,,core,library,yes,134,no,
0x180021550,,core,library,yes,127,no,
0x180021a20,,core,library,yes,127,no,
0x180021ec0,,core,library,yes,127,no,
0x180022be0,,core,library,yes,127,no,
0x180025fc0,`anonymous-namespace'::ApplyConsoleVisibility,ui,library,yes,126,yes,
0x1800217d0,,core,library,yes,122,no,
0x180021320,,core,library,yes,117,no,
0x180021ca0,,core,library,yes,117,no,
0x180022340,,core,library,yes,117,no,
0x180022570,,core,library,yes,117,no,
0x1800229b0,,core,library,yes,117,no,
0x180005cee,,core,library,yes,116,no,
0x1800058ad,,core,library,yes,113,no,
0x180021110,,core,library,yes,112,no,
0x1800227a0,,core,library,yes,112,no,
0x180022e60,,core,library,yes,112,no,
0x1800471ca,,core,library,yes,111,no,
0x180013760,FocusRecovery::`anonymous-namespace'::Finalize,ui,library,yes,110,yes,
0x18000fef0,,core,library,yes,102,no,
0x18004d830,,core,library,yes,102,no,
0x18001e000,,core,library,yes,100,no,
0x180013f20,,core,library,yes,99,no,
0x1800146e0,FocusRecovery::`anonymous-namespace'::VerifyCleanup,ui,library,yes,94,yes,
0x18002d170,,core,library,yes,94,no,
0x18003cd9e,,core,library,yes,93,no,
0x18002c0d0,`anonymous-namespace'::RequestSearchInput,ui,library,yes,88,yes,
0x180014dfb,,core,library,yes,84,no,
0x180054970,,core,library,yes,83,no,
0x180023230,,core,library,yes,77,no,
0x180006110,,core,library,yes,73,no,
0x18003ca10,,core,library,yes,73,no,
0x180047e5e,,core,library,yes,73,no,
0x180014428,FocusRecovery::`anonymous-namespace'::StartConsolePulse,ui,library,yes,68,yes,
0x18002d340,,core,library,yes,67,no,
0x18004dfa0,,core,library,yes,67,no,
0x180016c10,,core,library,yes,66,no,
0x18003aca0,,core,library,yes,65,no,
0x18003a71d,,core,library,yes,64,no,
0x180046dea,,core,library,yes,61,no,
0x180047008,,core,library,yes,60,no,
0x1800145c5,FocusRecovery::`anonymous-namespace'::VerifyCleanup,ui,library,yes,57,yes,
0x1800190b0,,core,library,yes,57,no,
0x180040330,,core,library,yes,57,no,
0x180010b20,,core,library,yes,55,no,
0x1800196b0,,core,library,yes,55,no,
0x180044536,,core,library,yes,55,no,
0x18003a862,,core,library,yes,54,no,
0x180013920,,core,library,yes,53,no,
0x18002dc00,,core,library,yes,53,no,
0x1800208bc,,core,library,yes,52,no,
0x1800403f0,,core,library,yes,52,no,
0x180012a60,,core,library,yes,49,no,
0x18001e556,,core,library,yes,49,no,
0x18003e4cd,,core,library,yes,49,no,
0x18003e63d,,core,library,yes,49,no,
0x18003e7ad,,core,library,yes,49,no,
0x18003e91d,,core,library,yes,49,no,
0x18003ea8d,,core,library,yes,49,no,
0x180029120,`anonymous-namespace'::OnConsoleMessage,ui,library,yes,48,yes,
0x180047500,,core,library,yes,47,no,
0x180005a2e,,core,library,yes,46,no,
0x180017e30,,core,library,yes,45,no,
0x18004802d,,core,library,yes,45,no,
0x18004fb6c,,core,library,yes,45,no,
0x180005e92,,core,library,yes,44,no,
0x180014360,FocusRecovery::`anonymous-namespace'::StartConsolePulse,ui,library,yes,44,yes,
0x180015a10,,core,library,yes,43,no,
0x180006290,,core,library,yes,42,no,
0x18001f5b0,`anonymous-namespace'::CreateViews::<lambda_1>::operator(),ui,library,yes,41,yes,
0x180010990,,core,library,yes,40,no,
0x18003e400,,core,library,yes,40,no,
0x18003e570,,core,library,yes,40,no,
0x18003e6e0,,core,library,yes,40,no,
0x18003e850,,core,library,yes,40,no,
0x18003e9c0,,core,library,yes,40,no,
0x180007e68,,core,library,yes,39,no,
0x1800460d3,,core,library,yes,39,no,
0x180046f00,,core,library,yes,39,no,
0x1800483b0,,core,library,yes,35,no,
0x18004da00,,core,library,yes,35,no,
0x180001d20,,core,library,yes,33,no,
0x180047f83,,core,library,yes,33,no,
0x1800136b0,FocusRecovery::`anonymous-namespace'::CloseOwnedConsole,ui,library,yes,32,yes,
0x180018cc0,,core,library,yes,32,no,
0x180010460,,core,library,yes,30,no,
0x180044b80,,core,library,yes,30,no,
0x180023348,,core,library,yes,29,no,
0x180007e06,,core,library,yes,28,no,
0x18000f350,,core,library,yes,28,no,
0x180012b1e,,core,library,yes,28,no,
0x18001e682,,core,library,yes,27,no,
0x18003a6c0,,core,library,yes,26,no,
0x18003e479,,core,library,yes,26,no,
0x18003e5e9,,core,library,yes,26,no,
0x18003e759,,core,library,yes,26,no,
0x18003e8c9,,core,library,yes,26,no,
0x18003ea39,,core,library,yes,26,no,
0x1800446bd,,core,library,yes,26,no,
0x18004748c,,core,library,yes,26,no,
0x18001e46c,,core,library,yes,25,no,
0x18001e610,,core,library,yes,25,no,
0x180020839,,core,library,yes,25,no,
0x180023c10,,core,library,yes,25,no,
0x18003e39b,,core,library,yes,25,no,
0x180045d70,,core,library,yes,24,no,
0x1800102f0,.?AV_System_error@std@@::vtable[0],unclassified,library,yes,23,yes,
0x1800158d0,.?AV_Node_base@std@@::vtable[0],unclassified,library,yes,23,yes,
0x18001e4be,,core,library,yes,23,no,
0x18001e517,,core,library,yes,23,no,
0x1800295a4,`anonymous-namespace'::OnMessage,unclassified,library,yes,23,yes,
0x1800445f9,,core,library,yes,23,no,
0x180047170,,core,library,yes,23,no,
0x1800107a0,,core,library,yes,22,no,
0x180020610,,core,library,yes,22,no,
0x180008a45,,core,library,yes,21,no,
0x180010070,.?AV_System_error@std@@::vtable[0],unclassified,library,yes,21,yes,
0x1800207d0,,core,library,yes,21,no,
0x180045cd9,,core,library,yes,21,no,
0x180006216,,core,library,yes,20,no,
0x18002c710,,core,library,yes,20,no,
0x180045d26,,core,library,yes,20,no,
0x180055090,,core,library,yes,20,no,
0x18003a653,,core,library,yes,19,no,
0x18004607d,,core,library,yes,19,no,
0x180046fbf,,core,library,yes,19,no,
0x180054dfb,,core,library,yes,19,no,
0x1800130e0,,core,library,yes,18,no,
0x180040890,,core,library,yes,18,no,
0x180016870,,core,library,yes,17,no,
0x180016d20,,core,library,yes,17,no,
0x180037a40,,core,library,yes,17,no,
0x18003a370,,core,library,yes,17,no,
0x180054d95,,core,library,yes,17,no,
0x18001084f,,core,library,yes,16,no,
0x180016820,,core,library,yes,16,no,
0x18002c9d0,,core,library,yes,16,no,
0x18002cb60,,core,library,yes,16,no,
0x1800101e0,.?AVexception@std@@::vtable[0],unclassified,library,yes,15,yes,
0x180014590,,core,library,yes,15,no,
0x180019802,,core,library,yes,15,no,
0x18003a830,,core,library,yes,15,no,
0x180010885,,core,library,yes,14,no,
0x180010aa0,,core,library,yes,14,no,
0x18002dad0,,core,library,yes,14,no,
0x1800108c0,,core,library,yes,13,no,
0x1800133b0,,core,library,yes,13,no,
0x180014dd0,,core,library,yes,13,no,
0x18001b34a,,core,library,yes,13,no,
0x180039730,,core,library,yes,13,no,
0x18003cd70,,core,library,yes,13,no,
0x1800519f0,,core,library,yes,13,no,
0x1800522c0,,core,library,yes,13,no,
0x1800523c0,,core,library,yes,13,no,
0x180052750,,core,library,yes,13,no,
0x180052790,,core,library,yes,13,no,
0x180052e10,,core,library,yes,13,no,
0x180052e50,,core,library,yes,13,no,
0x180052e80,,core,library,yes,13,no,
0x180052f30,,core,library,yes,13,no,
0x180052f70,,core,library,yes,13,no,
0x180052fe0,,core,library,yes,13,no,
0x180053010,,core,library,yes,13,no,
0x180053090,,core,library,yes,13,no,
0x180053120,,core,library,yes,13,no,
0x180053150,,core,library,yes,13,no,
0x1800532d0,,core,library,yes,13,no,
0x180053420,,core,library,yes,13,no,
0x1800534e0,,core,library,yes,13,no,
0x180053510,,core,library,yes,13,no,
0x180053b00,,core,library,yes,13,no,
0x180001100,,core,library,yes,12,no,
0x180012b85,,core,library,yes,12,no,
0x1800236f0,,core,library,yes,12,no,
0x18002c970,,core,library,yes,12,no,
0x18002c9a0,,core,library,yes,12,no,
0x18002ca70,,core,library,yes,12,no,
0x18002caf0,,core,library,yes,12,no,
0x180046f90,,core,library,yes,12,no,
0x180047140,,core,library,yes,12,no,
0x18004ccf3,,core,library,yes,12,no,
0x180006262,,core,library,yes,11,no,
0x18000fea0,,core,library,yes,11,no,
0x18001eac3,,core,library,yes,11,no,
0x180020815,,core,library,yes,11,no,
0x1800233b3,,core,library,yes,11,no,
0x18002bea0,,core,library,yes,11,no,
0x18003a143,,core,library,yes,11,no,
0x18003af59,,core,library,yes,11,no,
0x18003cb27,,core,library,yes,11,no,
0x18003e380,,core,library,yes,11,no,
0x1800404aa,,core,library,yes,11,no,
0x1800408ed,,core,library,yes,11,no,
0x1800470fe,,core,library,yes,11,no,
0x18004738d,,core,library,yes,11,no,
0x180047470,,core,library,yes,11,no,
0x1800133e1,,core,library,yes,10,no,
0x18001e708,,core,library,yes,10,no,
0x18002a850,,core,library,yes,10,no,
0x180037aad,,core,library,yes,10,no,
0x18003a110,,core,library,yes,10,no,
0x18003a3da,,core,library,yes,10,no,
0x18003c9f0,,core,library,yes,10,no,
0x180054d30,,core,library,yes,10,no,
0x180016317,,core,library,yes,9,no,
0x180023b60,,core,library,yes,9,no,
0x180037490,,core,library,yes,9,no,
0x1800374bd,,core,library,yes,9,no,
0x18003751e,,core,library,yes,9,no,
0x180037840,,core,library,yes,9,no,
0x18003786d,,core,library,yes,9,no,
0x180037ae0,,core,library,yes,9,no,
0x180037b0d,,core,library,yes,9,no,
0x1800390dd,,core,library,yes,9,no,
0x180039120,,core,library,yes,9,no,
0x18003914d,,core,library,yes,9,no,
0x18003a45d,,core,library,yes,9,no,
0x18003a801,,core,library,yes,9,no,
0x1800530c0,,core,library,yes,9,no,
0x1800530f0,,core,library,yes,9,no,
0x180054540,,core,library,yes,9,no,
0x180054630,,core,library,yes,9,no,
0x1800546d0,,core,library,yes,9,no,
0x1800161d0,,core,library,yes,8,no,
0x18001e65b,,core,library,yes,8,no,
0x18001e6f3,,core,library,yes,8,no,
0x180027ce6,,core,library,yes,8,no,
0x1800374f0,,core,library,yes,8,no,
0x18003970a,,core,library,yes,8,no,
0x18003e3e5,,core,library,yes,8,no,
0x180044720,,core,library,yes,8,no,
0x180046050,,core,library,yes,8,no,
0x180046ed2,,core,library,yes,8,no,
0x180047371,,core,library,yes,8,no,
0x180008a30,,core,library,yes,7,no,
0x180010820,,core,library,yes,7,no,
0x180010cb0,,core,library,yes,7,no,
0x180014f16,,core,library,yes,7,no,
0x1800208a0,,core,library,yes,7,no,
0x180027cc3,,core,library,yes,7,no,
0x18002a270,,core,library,yes,7,no,
0x18002a6e0,,core,library,yes,7,no,
0x18002a830,,core,library,yes,7,no,
0x18003a3b7,,core,library,yes,7,no,
0x1800474e3,,core,library,yes,7,no,
0x180047e40,,core,library,yes,7,no,
0x18004ccd1,,core,library,yes,7,no,
0x180054ddc,,core,library,yes,7,no,
0x180010839,,core,library,yes,6,no,
0x1800108fb,,core,library,yes,6,no,
0x180013254,,core,library,yes,6,no,
0x180013268,,core,library,yes,6,no,
0x1800146d3,,core,library,yes,6,no,
0x180016b0c,,core,library,yes,6,no,
0x18001b380,,core,library,yes,6,no,
0x18001e6e5,,core,library,yes,6,no,
0x180029200,,core,library,yes,6,no,
0x18002a3ec,,core,library,yes,6,no,
0x18002a802,,core,library,yes,6,no,
0x18002a87f,,core,library,yes,6,no,
0x18002dbf3,,core,library,yes,6,no,
0x180045995,,core,library,yes,6,no,
0x180046069,,core,library,yes,6,no,
0x1800470ed,,core,library,yes,6,no,
0x180008a98,,core,library,yes,5,no,
0x180013696,,core,library,yes,5,no,
0x18001e506,,core,library,yes,5,no,
0x18003cb1d,,core,library,yes,5,no,
0x1800108f0,,core,library,yes,4,no,
0x180014571,,core,library,yes,4,no,
0x180016339,,core,library,yes,4,no,
0x18001eaf1,,core,library,yes,4,no,
0x18003a171,,core,library,yes,4,no,
0x180045988,,core,library,yes,4,no,
0x1800459e2,,core,library,yes,4,no,
0x1800459f4,,core,library,yes,4,no,
0x1800460c5,,core,library,yes,4,no,
0x180054d70,,core,library,yes,4,no,
0x180054d84,,core,library,yes,4,no,
0x18002961e,,core,library,yes,3,no,
0x1800374e6,,core,library,yes,3,no,
0x180037547,,core,library,yes,3,no,
0x180037896,,core,library,yes,3,no,
0x180037b36,,core,library,yes,3,no,
0x180039106,,core,library,yes,3,no,
0x180039176,,core,library,yes,3,no,
0x18003a486,,core,library,yes,3,no,
0x180005629,,core,library,yes,2,no,
0x180016b02,,core,library,yes,2,no,
0x180045980,,core,library,yes,2,no,
0x180007e01,,core,library,yes,1,no,
0x18001368e,,core,library,yes,1,no,
0x18001e501,,core,library,yes,1,no,
0x18001e6e0,,core,library,yes,1,no,
0x1800233e0,,core,library,no(gap-scan),47,no,
0x180020770,,core,library,no(gap-scan),22,no,
0x18002e340,,core,library,no(gap-scan),22,no,
0x18002d830,,core,library,no(gap-scan),20,no,
0x180045ff0,,core,library,no(gap-scan),19,no,
0x18002d7b0,,core,library,no(gap-scan),16,no,
0x18002d7f0,,core,library,no(gap-scan),16,no,
0x18002d880,,core,library,no(gap-scan),16,no,
0x18002d8c0,,core,library,no(gap-scan),16,no,
0x180010c40,,core,library,no(gap-scan),15,no,
0x18004fb10,,core,library,no(gap-scan),15,no,
0x180045fc0,,core,library,no(gap-scan),14,no,
0x180010c80,,core,library,no(gap-scan),9,no,
0x180039180,,core,library,no(gap-scan),9,no,
0x180046030,,core,library,no(gap-scan),7,no,
0x180010ad0,,core,library,no(gap-scan),6,no,
0x180016420,,core,library,no(gap-scan),6,no,
0x180016440,,core,library,no(gap-scan),6,no,
0x180016460,,core,library,no(gap-scan),6,no,
0x18002ca10,,core,library,no(gap-scan),6,no,
0x180010790,,core,library,no(gap-scan),5,no,
0x180016860,,core,library,no(gap-scan),5,no,
0x180016d80,,core,library,no(gap-scan),5,no,
0x18002cc20,.?AV?$_Func_impl_no_alloc@P6AXPEAUStaticFunctionTag@RE@@H@ZXPEAU12@H@std@@::vfunc[2],unclassified,library,no(gap-scan),5,yes,
0x180016d70,,core,library,no(gap-scan),4,no,
0x180016da0,,core,library,no(gap-scan),4,no,
0x180016bf0,,core,library,no(gap-scan),3,no,
0x18004fc04,,core,library,no(gap-scan),3,no,
0x18004fcec,,core,library,no(gap-scan),3,no,
0x1800521f0,,core,library,no(gap-scan),3,no,
0x180052fd0,,core,library,no(gap-scan),3,no,
0x180053620,,core,library,no(gap-scan),3,no,
0x180054380,,core,library,no(gap-scan),3,no,
0x180054420,,core,library,no(gap-scan),3,no,
0x180054430,,core,library,no(gap-scan),3,no,
0x180054440,,core,library,no(gap-scan),3,no,
0x180054460,,core,library,no(gap-scan),3,no,
0x180054490,,core,library,no(gap-scan),3,no,
0x1800544a0,,core,library,no(gap-scan),3,no,
0x1800544b0,,core,library,no(gap-scan),3,no,
0x1800544d0,,core,library,no(gap-scan),3,no,
0x180054500,,core,library,no(gap-scan),3,no,
0x180054520,,core,library,no(gap-scan),3,no,
0x180054560,,core,library,no(gap-scan),3,no,
0x180054580,,core,library,no(gap-scan),3,no,
0x1800545a0,,core,library,no(gap-scan),3,no,
0x1800545c0,,core,library,no(gap-scan),3,no,
0x1800545e0,,core,library,no(gap-scan),3,no,
0x180054600,,core,library,no(gap-scan),3,no,
0x180054610,,core,library,no(gap-scan),3,no,
0x180054620,,core,library,no(gap-scan),3,no,
0x180054700,,core,library,no(gap-scan),3,no,
0x180054710,,core,library,no(gap-scan),3,no,
0x180054890,,core,library,no(gap-scan),3,no,
0x180001000,,core,library,no(gap-scan),2,no,
0x1800010f0,,core,library,no(gap-scan),2,no,
0x180001150,,core,library,no(gap-scan),2,no,
0x180001160,,core,library,no(gap-scan),2,no,
0x1800011d0,,core,library,no(gap-scan),2,no,
0x1800104e0,,core,library,no(gap-scan),2,no,
0x180010580,,core,library,no(gap-scan),2,no,
0x180010710,,core,library,no(gap-scan),2,no,
0x180010780,,core,library,no(gap-scan),2,no,
0x180010af0,,core,library,no(gap-scan),2,no,
0x180016c00,,core,library,no(gap-scan),2,no,
0x180019160,,core,library,no(gap-scan),2,no,
0x180019170,,core,library,no(gap-scan),2,no,
0x180019180,,core,library,no(gap-scan),2,no,
0x180019190,,core,library,no(gap-scan),2,no,
0x1800191a0,,core,library,no(gap-scan),2,no,
0x1800191b0,,core,library,no(gap-scan),2,no,
0x1800191c0,,core,library,no(gap-scan),2,no,
0x180023690,,core,library,no(gap-scan),2,no,
0x180023850,,core,library,no(gap-scan),2,no,
0x18002cfc0,,core,library,no(gap-scan),2,no,
0x18002d160,,core,library,no(gap-scan),2,no,
0x18002d490,,core,library,no(gap-scan),2,no,
0x18002d4a0,,core,library,no(gap-scan),2,no,
0x18002d4b0,,core,library,no(gap-scan),2,no,
0x18002d4c0,,core,library,no(gap-scan),2,no,
0x18002d4e0,,core,library,no(gap-scan),2,no,
0x18002d930,.?AV?$_Func_impl_no_alloc@P6AXPEAUStaticFunctionTag@RE@@H_NHHV?$basic_string@DU?$char_traits@D@std@@V?$allocator@D@2@@std@@22HH111MV?$vector@V?$basic_string@DU?$char_traits@D@std@@V?$allocator@D@2@@std@@V?$allocator@V?$basic_string@DU?$char_traits@D@std@@V?$allocator@D@2@@std@@@2@@4@V?$vector@HV?$allocator@H@std@@@4@H@ZXPEAU12@H_NHHV34@V34@V34@HH_N_N_NMV54@V64@H@std@@::vfunc[3],unclassified,library,no(gap-scan),2,yes,
0x18002d950,.?AV?$_Func_impl_no_alloc@P6AXPEAUStaticFunctionTag@RE@@V?$basic_string@DU?$char_traits@D@std@@V?$allocator@D@2@@std@@V?$vector@V?$basic_string@DU?$char_traits@D@std@@V?$allocator@D@2@@std@@V?$allocator@V?$basic_string@DU?$char_traits@D@std@@V?$allocator@D@2@@std@@@2@@4@@ZXPEAU12@V34@V54@@std@@::vfunc[3],unclassified,library,no(gap-scan),2,yes,
0x18002d960,.?AV?$_Func_impl_no_alloc@P6AXPEAUStaticFunctionTag@RE@@V?$vector@V?$basic_string@DU?$char_traits@D@std@@V?$allocator@D@2@@std@@V?$allocator@V?$basic_string@DU?$char_traits@D@std@@V?$allocator@D@2@@std@@@2@@std@@11@ZXPEAU12@V34@V34@V34@@std@@::vfunc[3],unclassified,library,no(gap-scan),2,yes,
0x18002d970,.?AV?$_Func_impl_no_alloc@P6AXPEAUStaticFunctionTag@RE@@V?$vector@V?$basic_string@DU?$char_traits@D@std@@V?$allocator@D@2@@std@@V?$allocator@V?$basic_string@DU?$char_traits@D@std@@V?$allocator@D@2@@std@@@2@@std@@@ZXPEAU12@V34@@std@@::vfunc[3],unclassified,library,no(gap-scan),2,yes,
0x18002d990,,core,library,no(gap-scan),2,no,
0x18002d9a0,,core,library,no(gap-scan),2,no,
0x18002d9b0,,core,library,no(gap-scan),2,no,
0x18002d9c0,,core,library,no(gap-scan),2,no,
0x18002d9d0,,core,library,no(gap-scan),2,no,
0x18002d9e0,,core,library,no(gap-scan),2,no,
0x18002d9f0,,core,library,no(gap-scan),2,no,
0x18002da00,,core,library,no(gap-scan),2,no,
0x18002da10,,core,library,no(gap-scan),2,no,
0x18002da20,,core,library,no(gap-scan),2,no,
0x18002da30,,core,library,no(gap-scan),2,no,
0x18002da40,,core,library,no(gap-scan),2,no,
0x18002e3c0,,core,library,no(gap-scan),2,no,
0x180038190,,core,library,no(gap-scan),2,no,
0x180038ed0,,core,library,no(gap-scan),2,no,
0x180038ee0,,core,library,no(gap-scan),2,no,
0x1800512f8,,core,library,no(gap-scan),2,no,
0x1800516b4,,core,library,no(gap-scan),2,no,
0x1800516c4,,core,library,no(gap-scan),2,no,
0x1800516d0,,core,library,no(gap-scan),2,no,
0x1800516f4,,core,library,no(gap-scan),2,no,
0x1800518d0,,core,library,no(gap-scan),2,no,
0x180051940,,core,library,no(gap-scan),2,no,
0x180051950,,core,library,no(gap-scan),2,no,
0x180051960,,core,library,no(gap-scan),2,no,
0x180051970,,core,library,no(gap-scan),2,no,
0x180051990,,core,library,no(gap-scan),2,no,
0x1800519a0,,core,library,no(gap-scan),2,no,
0x1800519b0,,core,library,no(gap-scan),2,no,
0x1800519c0,,core,library,no(gap-scan),2,no,
0x1800519d0,,core,library,no(gap-scan),2,no,
0x1800519e0,,core,library,no(gap-scan),2,no,
0x180051a20,,core,library,no(gap-scan),2,no,
0x180051bf0,,core,library,no(gap-scan),2,no,
0x180051c00,,core,library,no(gap-scan),2,no,
0x180051dd0,,core,library,no(gap-scan),2,no,
0x180051fa0,,core,library,no(gap-scan),2,no,
0x180051fe0,,core,library,no(gap-scan),2,no,
0x180051ff0,,core,library,no(gap-scan),2,no,
0x180052000,,core,library,no(gap-scan),2,no,
0x180052090,,core,library,no(gap-scan),2,no,
0x1800520a0,,core,library,no(gap-scan),2,no,
0x1800520b0,,core,library,no(gap-scan),2,no,
0x180052110,,core,library,no(gap-scan),2,no,
0x180052150,,core,library,no(gap-scan),2,no,
0x180052160,,core,library,no(gap-scan),2,no,
0x1800521a0,,core,library,no(gap-scan),2,no,
0x1800521d0,,core,library,no(gap-scan),2,no,
0x1800521e0,,core,library,no(gap-scan),2,no,
0x180052210,,core,library,no(gap-scan),2,no,
0x180052230,,core,library,no(gap-scan),2,no,
0x180052240,,core,library,no(gap-scan),2,no,
0x180052250,,core,library,no(gap-scan),2,no,
0x180052260,,core,library,no(gap-scan),2,no,
0x180052270,,core,library,no(gap-scan),2,no,
0x180052280,,core,library,no(gap-scan),2,no,
0x180052290,,core,library,no(gap-scan),2,no,
0x1800522a0,,core,library,no(gap-scan),2,no,
0x1800522b0,,core,library,no(gap-scan),2,no,
0x1800522f0,,core,library,no(gap-scan),2,no,
0x180052300,,core,library,no(gap-scan),2,no,
0x180052310,,core,library,no(gap-scan),2,no,
0x180052320,,core,library,no(gap-scan),2,no,
0x180052330,,core,library,no(gap-scan),2,no,
0x180052340,,core,library,no(gap-scan),2,no,
0x180052350,,core,library,no(gap-scan),2,no,
0x180052360,,core,library,no(gap-scan),2,no,
0x180052370,,core,library,no(gap-scan),2,no,
0x180052380,,core,library,no(gap-scan),2,no,
0x180052390,,core,library,no(gap-scan),2,no,
0x1800523a0,,core,library,no(gap-scan),2,no,
0x1800523b0,,core,library,no(gap-scan),2,no,
0x1800523f0,,core,library,no(gap-scan),2,no,
0x180052400,,core,library,no(gap-scan),2,no,
0x180052410,,core,library,no(gap-scan),2,no,
0x180052420,,core,library,no(gap-scan),2,no,
0x180052430,,core,library,no(gap-scan),2,no,
0x180052440,,core,library,no(gap-scan),2,no,
0x180052450,,core,library,no(gap-scan),2,no,
0x180052460,,core,library,no(gap-scan),2,no,
0x1800524a0,,core,library,no(gap-scan),2,no,
0x1800524b0,,core,library,no(gap-scan),2,no,
0x1800524c0,,core,library,no(gap-scan),2,no,
0x1800524d0,,core,library,no(gap-scan),2,no,
0x1800524e0,,core,library,no(gap-scan),2,no,
0x1800524f0,,core,library,no(gap-scan),2,no,
0x180052500,,core,library,no(gap-scan),2,no,
0x180052510,,core,library,no(gap-scan),2,no,
0x180052520,,core,library,no(gap-scan),2,no,
0x180052530,,core,library,no(gap-scan),2,no,
0x180052540,,core,library,no(gap-scan),2,no,
0x180052610,,core,library,no(gap-scan),2,no,
0x180052620,,core,library,no(gap-scan),2,no,
0x180052630,,core,library,no(gap-scan),2,no,
0x180052640,,core,library,no(gap-scan),2,no,
0x180052650,,core,library,no(gap-scan),2,no,
0x180052660,,core,library,no(gap-scan),2,no,
0x180052670,,core,library,no(gap-scan),2,no,
0x180052680,,core,library,no(gap-scan),2,no,
0x180052690,,core,library,no(gap-scan),2,no,
0x1800526a0,,core,library,no(gap-scan),2,no,
0x1800526e0,,core,library,no(gap-scan),2,no,
0x180052700,,core,library,no(gap-scan),2,no,
0x180052710,,core,library,no(gap-scan),2,no,
0x180052720,,core,library,no(gap-scan),2,no,
0x180052730,,core,library,no(gap-scan),2,no,
0x180052740,,core,library,no(gap-scan),2,no,
0x180052780,,core,library,no(gap-scan),2,no,
0x1800527c0,,core,library,no(gap-scan),2,no,
0x1800527d0,,core,library,no(gap-scan),2,no,
0x1800527e0,,core,library,no(gap-scan),2,no,
0x1800527f0,,core,library,no(gap-scan),2,no,
0x180052800,,core,library,no(gap-scan),2,no,
0x180052810,,core,library,no(gap-scan),2,no,
0x180052820,,core,library,no(gap-scan),2,no,
0x180052830,,core,library,no(gap-scan),2,no,
0x180052be0,,core,library,no(gap-scan),2,no,
0x180052d40,,core,library,no(gap-scan),2,no,
0x180052d60,,core,library,no(gap-scan),2,no,
0x180052d70,,core,library,no(gap-scan),2,no,
0x180052db0,,core,library,no(gap-scan),2,no,
0x180052dc0,,core,library,no(gap-scan),2,no,
0x180052dd0,,core,library,no(gap-scan),2,no,
0x180052de0,,core,library,no(gap-scan),2,no,
0x180052df0,,core,library,no(gap-scan),2,no,
0x180052e00,,core,library,no(gap-scan),2,no,
0x180052e40,,core,library,no(gap-scan),2,no,
0x180052eb0,,core,library,no(gap-scan),2,no,
0x180052ec0,,core,library,no(gap-scan),2,no,
0x180052ed0,,core,library,no(gap-scan),2,no,
0x180052ee0,,core,library,no(gap-scan),2,no,
0x180052ef0,,core,library,no(gap-scan),2,no,
0x180052f20,,core,library,no(gap-scan),2,no,
0x180052f60,,core,library,no(gap-scan),2,no,
0x180052fa0,,core,library,no(gap-scan),2,no,
0x180052fb0,,core,library,no(gap-scan),2,no,
0x180052fc0,,core,library,no(gap-scan),2,no,
0x180053040,,core,library,no(gap-scan),2,no,
0x180053050,,core,library,no(gap-scan),2,no,
0x180053060,,core,library,no(gap-scan),2,no,
0x180053070,,core,library,no(gap-scan),2,no,
0x180053080,,core,library,no(gap-scan),2,no,
0x1800530e0,,core,library,no(gap-scan),2,no,
0x180053110,,core,library,no(gap-scan),2,no,
0x180053180,,core,library,no(gap-scan),2,no,
0x180053190,,core,library,no(gap-scan),2,no,
0x1800531a0,,core,library,no(gap-scan),2,no,
0x1800531b0,,core,library,no(gap-scan),2,no,
0x1800531c0,,core,library,no(gap-scan),2,no,
0x1800531d0,,core,library,no(gap-scan),2,no,
0x1800531e0,,core,library,no(gap-scan),2,no,
0x1800531f0,,core,library,no(gap-scan),2,no,
0x180053200,,core,library,no(gap-scan),2,no,
0x180053210,,core,library,no(gap-scan),2,no,
0x180053220,,core,library,no(gap-scan),2,no,
0x180053230,,core,library,no(gap-scan),2,no,
0x180053240,,core,library,no(gap-scan),2,no,
0x180053250,,core,library,no(gap-scan),2,no,
0x180053260,,core,library,no(gap-scan),2,no,
0x180053270,,core,library,no(gap-scan),2,no,
0x180053280,,core,library,no(gap-scan),2,no,
0x180053290,,core,library,no(gap-scan),2,no,
0x1800532a0,,core,library,no(gap-scan),2,no,
0x1800532b0,,core,library,no(gap-scan),2,no,
0x1800532c0,,core,library,no(gap-scan),2,no,
0x180053300,,core,library,no(gap-scan),2,no,
0x180053310,,core,library,no(gap-scan),2,no,
0x180053320,,core,library,no(gap-scan),2,no,
0x180053330,,core,library,no(gap-scan),2,no,
0x180053340,,core,library,no(gap-scan),2,no,
0x180053350,,core,library,no(gap-scan),2,no,
0x180053360,,core,library,no(gap-scan),2,no,
0x180053370,,core,library,no(gap-scan),2,no,
0x180053380,,core,library,no(gap-scan),2,no,
0x180053390,,core,library,no(gap-scan),2,no,
0x1800533a0,,core,library,no(gap-scan),2,no,
0x1800533b0,,core,library,no(gap-scan),2,no,
0x1800533c0,,core,library,no(gap-scan),2,no,
0x1800533d0,,core,library,no(gap-scan),2,no,
0x1800533e0,,core,library,no(gap-scan),2,no,
0x1800533f0,,core,library,no(gap-scan),2,no,
0x180053400,,core,library,no(gap-scan),2,no,
0x180053410,,core,library,no(gap-scan),2,no,
0x180053450,,core,library,no(gap-scan),2,no,
0x180053460,,core,library,no(gap-scan),2,no,
0x180053470,,core,library,no(gap-scan),2,no,
0x180053480,,core,library,no(gap-scan),2,no,
0x180053490,,core,library,no(gap-scan),2,no,
0x1800534a0,,core,library,no(gap-scan),2,no,
0x1800534b0,,core,library,no(gap-scan),2,no,
0x1800534c0,,core,library,no(gap-scan),2,no,
0x1800534d0,,core,library,no(gap-scan),2,no,
0x180053540,,core,library,no(gap-scan),2,no,
0x180053550,,core,library,no(gap-scan),2,no,
0x1800535a0,,core,library,no(gap-scan),2,no,
0x1800535b0,,core,library,no(gap-scan),2,no,
0x1800535c0,,core,library,no(gap-scan),2,no,
0x1800535d0,,core,library,no(gap-scan),2,no,
0x180053640,,core,library,no(gap-scan),2,no,
0x1800536b0,,core,library,no(gap-scan),2,no,
0x1800536c0,,core,library,no(gap-scan),2,no,
0x1800536d0,,core,library,no(gap-scan),2,no,
0x1800536e0,,core,library,no(gap-scan),2,no,
0x180053760,,core,library,no(gap-scan),2,no,
0x1800537b0,,core,library,no(gap-scan),2,no,
0x180053820,,core,library,no(gap-scan),2,no,
0x180053850,,core,library,no(gap-scan),2,no,
0x180053880,,core,library,no(gap-scan),2,no,
0x180053890,,core,library,no(gap-scan),2,no,
0x1800538a0,,core,library,no(gap-scan),2,no,
0x1800538b0,,core,library,no(gap-scan),2,no,
0x1800538c0,,core,library,no(gap-scan),2,no,
0x1800538d0,,core,library,no(gap-scan),2,no,
0x1800538e0,,core,library,no(gap-scan),2,no,
0x180053950,,core,library,no(gap-scan),2,no,
0x180053a30,,core,library,no(gap-scan),2,no,
0x180053a40,,core,library,no(gap-scan),2,no,
0x180053a80,,core,library,no(gap-scan),2,no,
0x180053a90,,core,library,no(gap-scan),2,no,
0x180053aa0,,core,library,no(gap-scan),2,no,
0x180053ab0,,core,library,no(gap-scan),2,no,
0x180053ac0,,core,library,no(gap-scan),2,no,
0x180053ad0,,core,library,no(gap-scan),2,no,
0x180053ae0,,core,library,no(gap-scan),2,no,
0x180053af0,,core,library,no(gap-scan),2,no,
0x180053b30,,core,library,no(gap-scan),2,no,
0x180053b40,,core,library,no(gap-scan),2,no,
0x180053b50,,core,library,no(gap-scan),2,no,
0x180053b60,,core,library,no(gap-scan),2,no,
0x180053b70,,core,library,no(gap-scan),2,no,
0x180053b80,,core,library,no(gap-scan),2,no,
0x180053e50,,core,library,no(gap-scan),2,no,
0x180053e90,,core,library,no(gap-scan),2,no,
0x180053ea0,,core,library,no(gap-scan),2,no,
0x180053eb0,,core,library,no(gap-scan),2,no,
0x180053f10,,core,library,no(gap-scan),2,no,
0x180053f20,,core,library,no(gap-scan),2,no,
0x180053f30,,core,library,no(gap-scan),2,no,
0x180053f40,,core,library,no(gap-scan),2,no,
0x180053f50,,core,library,no(gap-scan),2,no,
0x180053f90,,core,library,no(gap-scan),2,no,
0x180053fa0,,core,library,no(gap-scan),2,no,
0x180053fb0,,core,library,no(gap-scan),2,no,
0x180053fc0,,core,library,no(gap-scan),2,no,
0x180053fd0,,core,library,no(gap-scan),2,no,
0x180053fe0,,core,library,no(gap-scan),2,no,
0x180053ff0,,core,library,no(gap-scan),2,no,
0x180054000,,core,library,no(gap-scan),2,no,
0x180054020,,core,library,no(gap-scan),2,no,
0x180054030,,core,library,no(gap-scan),2,no,
0x180054040,,core,library,no(gap-scan),2,no,
0x180054050,,core,library,no(gap-scan),2,no,
0x180054060,,core,library,no(gap-scan),2,no,
0x180054070,,core,library,no(gap-scan),2,no,
0x180054080,,core,library,no(gap-scan),2,no,
0x180054090,,core,library,no(gap-scan),2,no,
0x1800540a0,,core,library,no(gap-scan),2,no,
0x1800540b0,,core,library,no(gap-scan),2,no,
0x1800540c0,,core,library,no(gap-scan),2,no,
0x1800540d0,,core,library,no(gap-scan),2,no,
0x1800540e0,,core,library,no(gap-scan),2,no,
0x1800540f0,,core,library,no(gap-scan),2,no,
0x180054100,,core,library,no(gap-scan),2,no,
0x180054110,,core,library,no(gap-scan),2,no,
0x180054120,,core,library,no(gap-scan),2,no,
0x180054130,,core,library,no(gap-scan),2,no,
0x180054140,,core,library,no(gap-scan),2,no,
0x180054150,,core,library,no(gap-scan),2,no,
0x180054160,,core,library,no(gap-scan),2,no,
0x180054170,,core,library,no(gap-scan),2,no,
0x180054180,,core,library,no(gap-scan),2,no,
0x180054190,,core,library,no(gap-scan),2,no,
0x1800541a0,,core,library,no(gap-scan),2,no,
0x1800541b0,,core,library,no(gap-scan),2,no,
0x1800541c0,,core,library,no(gap-scan),2,no,
0x1800541d0,,core,library,no(gap-scan),2,no,
0x1800541e0,,core,library,no(gap-scan),2,no,
0x1800541f0,,core,library,no(gap-scan),2,no,
0x180054200,,core,library,no(gap-scan),2,no,
0x180054210,,core,library,no(gap-scan),2,no,
0x180054220,,core,library,no(gap-scan),2,no,
0x180054230,,core,library,no(gap-scan),2,no,
0x180054240,,core,library,no(gap-scan),2,no,
0x180054250,,core,library,no(gap-scan),2,no,
0x180054260,,core,library,no(gap-scan),2,no,
0x180054270,,core,library,no(gap-scan),2,no,
0x180054280,,core,library,no(gap-scan),2,no,
0x180054290,,core,library,no(gap-scan),2,no,
0x1800542a0,,core,library,no(gap-scan),2,no,
0x1800542b0,,core,library,no(gap-scan),2,no,
0x1800542c0,,core,library,no(gap-scan),2,no,
0x1800542f0,,core,library,no(gap-scan),2,no,
0x180054300,,core,library,no(gap-scan),2,no,
0x180054340,,core,library,no(gap-scan),2,no,
0x1800543e0,,core,library,no(gap-scan),2,no,
0x180054400,,core,library,no(gap-scan),2,no,
0x180054410,,core,library,no(gap-scan),2,no,
0x180054480,,core,library,no(gap-scan),2,no,
0x1800544f0,,core,library,no(gap-scan),2,no,
0x180054670,,core,library,no(gap-scan),2,no,
0x180054680,,core,library,no(gap-scan),2,no,
0x1800546a0,,core,library,no(gap-scan),2,no,
0x1800546b0,,core,library,no(gap-scan),2,no,
0x1800546c0,,core,library,no(gap-scan),2,no,
0x1800546f0,,core,library,no(gap-scan),2,no,
0x180054720,,core,library,no(gap-scan),2,no,
0x180054730,,core,library,no(gap-scan),2,no,
0x180054810,,core,library,no(gap-scan),2,no,
0x180054880,,core,library,no(gap-scan),2,no,
0x1800548a0,,core,library,no(gap-scan),2,no,
0x1800548b0,,core,library,no(gap-scan),2,no,
0x1800548c0,,core,library,no(gap-scan),2,no,
0x1800548d0,,core,library,no(gap-scan),2,no,
0x1800548e0,,core,library,no(gap-scan),2,no,
0x1800548f0,,core,library,no(gap-scan),2,no,
0x180054900,,core,library,no(gap-scan),2,no,
0x180054910,,core,library,no(gap-scan),2,no,
0x180054940,,core,library,no(gap-scan),2,no,
0x180054950,,core,library,no(gap-scan),2,no,
0x180054960,,core,library,no(gap-scan),2,no,
0x180054b70,,core,library,no(gap-scan),2,no,
0x180054bd0,,core,library,no(gap-scan),2,no,
0x180054be0,,core,library,no(gap-scan),2,no,
0x180054bf0,,core,library,no(gap-scan),2,no,
0x180054c00,,core,library,no(gap-scan),2,no,
0x180055080,,core,library,no(gap-scan),2,no,
0x180010810,,core,library,no(gap-scan),1,no,
0x180010a20,,core,library,no(gap-scan),1,no,
0x180010c30,,core,library,no(gap-scan),1,no,
0x180010ca0,,core,library,no(gap-scan),1,no,
0x180013a10,,core,library,no(gap-scan),1,no,
0x180013a18,,core,library,no(gap-scan),1,no,
0x180023990,,core,library,no(gap-scan),1,no,
0x180023a70,,core,library,no(gap-scan),1,no,
0x18002a8a0,,core,library,no(gap-scan),1,no,
0x18002a8a8,,core,library,no(gap-scan),1,no,
0x18002d4d0,,core,library,no(gap-scan),1,no,
0x18002e3b0,,core,library,no(gap-scan),1,no,
0x18002e3d0,,core,library,no(gap-scan),1,no,
0x18002e3f0,,core,library,no(gap-scan),1,no,
0x18002e400,,core,library,no(gap-scan),1,no,
0x18002e410,,core,library,no(gap-scan),1,no,
0x18002e470,,core,library,no(gap-scan),1,no,
0x18002e490,,core,library,no(gap-scan),1,no,
0x18002e4e0,,core,library,no(gap-scan),1,no,
0x18002e4f0,,core,library,no(gap-scan),1,no,
0x180037f80,,core,library,no(gap-scan),1,no,
0x180037fa0,,core,library,no(gap-scan),1,no,
0x180037fb0,,core,library,no(gap-scan),1,no,
0x180037fc0,,core,library,no(gap-scan),1,no,
0x180039f60,,core,library,no(gap-scan),1,no,
0x18003a400,,core,library,no(gap-scan),1,no,
0x180046b50,,core,library,no(gap-scan),1,no,
0x18004ec0c,,core,library,no(gap-scan),1,no,
0x18004fae0,,core,library,no(gap-scan),1,no,
0x1800509f6,,core,library,no(gap-scan),1,no,
0x1800512f0,,core,library,no(gap-scan),1,no,
0x180051866,,core,library,no(gap-scan),1,no,
0x180051886,,core,library,no(gap-scan),1,no,
0x180054f70,,core,library,no(gap-scan),1,no,
0x180054f80,,core,library,no(gap-scan),1,no,
