orig_addr,insn,provider,provider_source,rebuild_format_addr
0x1800484d0,82,spdlog::details::A_formatter::format,extern/spdlog/include/spdlog/pattern_formatter-inl.h:172,0x18005fe90
0x180048610,82,spdlog::details::B_formatter::format,extern/spdlog/include/spdlog/pattern_formatter-inl.h:207,0x180060050
0x180048740,81,spdlog::details::C_formatter::format,extern/spdlog/include/spdlog/pattern_formatter-inl.h:250,0x180060200
0x180048830,62,spdlog::details::D_formatter::format,extern/spdlog/include/spdlog/pattern_formatter-inl.h:264,0x180060370
0x180048910,124,spdlog::details::D_formatter::format,extern/spdlog/include/spdlog/pattern_formatter-inl.h:264,0x1800603e0
0x180048ad0,80,spdlog::details::E_formatter::format,extern/spdlog/include/spdlog/pattern_formatter-inl.h:427,0x1800605b0
0x180048c10,86,spdlog::details::F_formatter::format,extern/spdlog/include/spdlog/pattern_formatter-inl.h:412,0x180060770
0x180048d30,73,spdlog::details::H_formatter::format,extern/spdlog/include/spdlog/pattern_formatter-inl.h:325,0x180060910
0x180048e30,76,spdlog::details::I_formatter::format,extern/spdlog/include/spdlog/pattern_formatter-inl.h:339,0x180060a90
0x180048f20,73,spdlog::details::M_formatter::format,extern/spdlog/include/spdlog/pattern_formatter-inl.h:353,0x180060c10
0x180049000,33,spdlog::details::R_formatter::format,extern/spdlog/include/spdlog/pattern_formatter-inl.h:478,0x180060d70
0x180049080,95,spdlog::details::R_formatter::format,extern/spdlog/include/spdlog/pattern_formatter-inl.h:478,0x180060db0
0x1800491c0,73,spdlog::details::S_formatter::format,extern/spdlog/include/spdlog/pattern_formatter-inl.h:367,0x180060f30
0x1800492a0,53,spdlog::details::T_formatter::format,extern/spdlog/include/spdlog/pattern_formatter-inl.h:495,0x180061090
0x180049370,115,spdlog::details::T_formatter::format,extern/spdlog/include/spdlog/pattern_formatter-inl.h:495,0x1800610e0
0x180049510,74,spdlog::details::Y_formatter::format,extern/spdlog/include/spdlog/pattern_formatter-inl.h:283,0x180061290
0x180049630,82,spdlog::details::a_formatter::format,extern/spdlog/include/spdlog/pattern_formatter-inl.h:155,0x180061430
0x180049770,82,spdlog::details::b_formatter::format,extern/spdlog/include/spdlog/pattern_formatter-inl.h:189,0x1800615f0
0x180049870,149,spdlog::details::c_formatter::format,extern/spdlog/include/spdlog/pattern_formatter-inl.h:221,0x180061770
0x180049aa0,211,spdlog::details::c_formatter::format,extern/spdlog/include/spdlog/pattern_formatter-inl.h:221,0x180061870
0x180049db0,73,spdlog::details::d_formatter::format,extern/spdlog/include/spdlog/pattern_formatter-inl.h:311,0x180061aa0
0x180049ef0,90,spdlog::details::e_formatter::format,extern/spdlog/include/spdlog/pattern_formatter-inl.h:381,0x180061c60
0x18004a170,118,spdlog::details::elapsed_formatter::format,extern/spdlog/include/spdlog/pattern_formatter-inl.h:772,0x180061f70
0x18004a2f0,110,spdlog::details::elapsed_formatter::format,extern/spdlog/include/spdlog/pattern_formatter-inl.h:772,0x180062170
0x18004a5d0,120,spdlog::details::elapsed_formatter::format,extern/spdlog/include/spdlog/pattern_formatter-inl.h:772,0x180062540
0x18004a7b0,92,spdlog::details::f_formatter::format,extern/spdlog/include/spdlog/pattern_formatter-inl.h:396,0x1800627a0
0x18004a900,77,spdlog::details::level_formatter::format,extern/spdlog/include/spdlog/pattern_formatter-inl.h:117,0x180062970
0x18004aa00,74,spdlog::details::m_formatter::format,extern/spdlog/include/spdlog/pattern_formatter-inl.h:297,0x180062af0
0x18004ab20,68,spdlog::details::mdc_formatter::format,extern/spdlog/include/spdlog/pattern_formatter-inl.h:798,0x180062c90
0x18004abf0,74,spdlog::details::name_formatter::format,extern/spdlog/include/spdlog/pattern_formatter-inl.h:104,0x180062df0
0x18004ad20,80,spdlog::details::p_formatter::format,extern/spdlog/include/spdlog/pattern_formatter-inl.h:443,0x180062fa0
0x18004ae40,97,spdlog::details::pid_formatter::format,extern/spdlog/include/spdlog/pattern_formatter-inl.h:571,0x180063140
0x18004af60,85,spdlog::details::r_formatter::format,extern/spdlog/include/spdlog/pattern_formatter-inl.h:457,0x1800632f0
0x18004b0a0,145,spdlog::details::r_formatter::format,extern/spdlog/include/spdlog/pattern_formatter-inl.h:457,0x180063390
0x18004b2e0,149,spdlog::details::short_filename_formatter::format,extern/spdlog/include/spdlog/pattern_formatter-inl.h:693,0x1800635b0
0x18004b500,82,spdlog::details::short_level_formatter::format,extern/spdlog/include/spdlog/pattern_formatter-inl.h:131,0x180063840
0x18004b640,120,spdlog::details::source_filename_formatter::format,extern/spdlog/include/spdlog/pattern_formatter-inl.h:675,0x180063a00
0x18004b7f0,120,spdlog::details::source_funcname_formatter::format,extern/spdlog/include/spdlog/pattern_formatter-inl.h:753,0x180063c60
0x18004b970,132,spdlog::details::source_linenum_formatter::format,extern/spdlog/include/spdlog/pattern_formatter-inl.h:734,0x180063e90
0x18004bb00,39,spdlog::details::source_location_formatter::format,extern/spdlog/include/spdlog/pattern_formatter-inl.h:646,0x1800640d0
0x18004bdd0,97,spdlog::details::t_formatter::format,extern/spdlog/include/spdlog/pattern_formatter-inl.h:557,0x1800643d0
0x18004bf10,74,spdlog::details::v_formatter::format,extern/spdlog/include/spdlog/pattern_formatter-inl.h:585,0x1800645a0
0x18004bff0,98,spdlog::details::z_formatter::format,extern/spdlog/include/spdlog/pattern_formatter-inl.h:514,0x180064700
0x18004c150,162,spdlog::details::z_formatter::format,extern/spdlog/include/spdlog/pattern_formatter-inl.h:514,0x1800647b0
0x18004c400,557,spdlog::details::full_formatter::format,extern/spdlog/include/spdlog/pattern_formatter-inl.h:839,0x1800649e0
0x18004d240,109,spdlog::details::fmt_helper::pad2,extern/spdlog/include/spdlog/details/fmt_helper.h:84,
0x18004de30,42,spdlog::details::os::utc_minutes_offset,extern/spdlog/include/spdlog/details/os-inl.h:247,
0x18004e1c0,197,spdlog::details::file_helper::open,extern/spdlog/include/spdlog/details/file_helper-inl.h:26 (throw :60),
0x180052e80,13,MSVC STL <format>/<chrono> SEH cleanup funclet,microsoft/STL vs-2022-17.14 stl/inc/format (buffer cleanup); no direct caller,
0x180053010,13,MSVC STL <format>/<chrono> SEH cleanup funclet,microsoft/STL vs-2022-17.14 stl/inc/format (buffer cleanup); no direct caller,
0x1800532d0,13,MSVC STL <format>/<chrono> SEH cleanup funclet,microsoft/STL vs-2022-17.14 stl/inc/format (buffer cleanup); no direct caller,
0x1800534e0,13,MSVC STL <format>/<chrono> SEH cleanup funclet,microsoft/STL vs-2022-17.14 stl/inc/format (buffer cleanup); no direct caller,
0x180053b00,13,MSVC STL <format>/<chrono> SEH cleanup funclet,microsoft/STL vs-2022-17.14 stl/inc/format (buffer cleanup); no direct caller,
0x180053f60,13,MSVC STL <format>/<chrono> SEH cleanup funclet,microsoft/STL vs-2022-17.14 stl/inc/format (buffer cleanup); no direct caller,
